Lig	Tarih	Ev Sahibi	MS(Ev)	MS(Dep)	Deplasman	İY(Ev)	İY(Dep)
Eurolig	30.09.2025	BC Dubai	89	76	Partizan	47	40
Eurolig	30.09.2025	Hapoel Tel Aviv	103	87	Barcelona	51	45
Eurolig	30.09.2025	Anadolu Efes	85	78	Maccabi Tel Aviv	40	44
Eurolig	30.09.2025	Kızılyıldız	82	92	Olimpia Milano	41	45
Eurolig	30.09.2025	Panathinaikos Aktor	87	79	Bayern Münih	47	41
Eurolig	30.09.2025	Baskonia Vitoria-Gasteiz	96	102	Olympiakos	48	49
Eurolig	30.09.2025	Virtus Bologna	74	68	Real Madrid	38	35
Eurolig	01.10.2025	AS Monaco	84	89	Zalgiris Kaunas	35	45
Eurolig	1.10.2025	Fenerbahçe Beko	96	77	Paris Basketball	43	40
Eurolig	1.10.2025	Asvel Lyon-Villeurbanne	77	80	Valencia Basket	35	34
Eurolig	02.10.2025	Bayern Münih	97	88	Kızılyıldız	50	55
Eurolig	02.10.2025	Partizan	80	78	Olimpia Milano	45	33
Eurolig	02.10.2025	Real Madrid	89	77	Olympiakos	47	53
Eurolig	03.10.2025	Zalgiris Kaunas	84	81	Fenerbahçe Beko	43	37
Eurolig	03.10.2025	Anadolu Efes	81	87	Hapoel Tel Aviv	46	35
Eurolig	03.10.2025	AS Monaco	103	81	BC Dubai	50	46
Eurolig	03.10.2025	Asvel Lyon-Villeurbanne	102	95	Baskonia Vitoria-Gasteiz	48	45
Eurolig	03.10.2025	Panathinaikos Aktor	96	103	Barcelona	45	51
Eurolig	3.10.2025	Valencia Basket	103	94	Virtus Bologna	49	46
Eurolig	3.10.2025	Maccabi Tel Aviv	94	101	Paris Basketball	41	48
Eurolig	08.10.2025	Hapoel Tel Aviv	90	103	Maccabi Tel Aviv	45	45
Eurolig	09.10.2025	Baskonia Vitoria-Gasteiz	84	86	Panathinaikos Aktor	36	42
Eurolig	09.10.2025	Olimpia Milano	79	82	AS Monaco	36	41
Eurolig	09.10.2025	Partizan	93	87	Anadolu Efes	55	43
Eurolig	09.10.2025	Paris Basketball	90	79	Virtus Bologna	49	40
Eurolig	09.10.2025	Real Madrid	85	72	Asvel Lyon-Villeurbanne	48	37
Eurolig	10.10.2025	Fenerbahçe Beko	81	86	Kızılyıldız	30	43
Eurolig	10.10.2025	Olympiakos	86	67	BC Dubai	43	31
Eurolig	10.10.2025	Barcelona	108	102	Valencia Basket	48	52
Eurolig	10.10.2025	Bayern Münih	70	98	Zalgiris Kaunas	33	45
Eurolig	14.10.2025	Maccabi Tel Aviv	71	92	Barcelona	32	60
Eurolig	14.10.2025	Fenerbahçe Beko	69	93	BC Dubai	31	46
Eurolig	14.10.2025	Kızılyıldız	88	79	Zalgiris Kaunas	45	39
Eurolig	14.10.2025	Olympiakos	78	82	Anadolu Efes	51	48
Eurolig	14.10.2025	Bayern Münih	64	53	Olimpia Milano	28	33
Eurolig	15.10.2025	Panathinaikos Aktor	91	85	Asvel Lyon-Villeurbanne	48	39
Eurolig	15.10.2025	Valencia Basket	93	100	Hapoel Tel Aviv	47	49
Eurolig	15.10.2025	Virtus Bologna	77	73	AS Monaco	37	34
Eurolig	15.10.2025	Paris Basketball	105	87	Baskonia Vitoria-Gasteiz	51	47
Eurolig	15.10.2025	Real Madrid	93	86	Partizan	52	33
Eurolig	16.10.2025	BC Dubai	83	78	Barcelona	33	34
Eurolig	16.10.2025	Zalgiris Kaunas	78	89	Olimpia Milano	42	39
Eurolig	16.10.2025	Fenerbahçe Beko	88	73	Bayern Münih	37	32
Eurolig	16.10.2025	Maccabi Tel Aviv	94	95	Olympiakos	48	40
Eurolig	17.10.2025	Kızılyıldız	90	75	Real Madrid	43	39
Eurolig	17.10.2025	Anadolu Efes	81	95	Panathinaikos Aktor	42	43
Eurolig	17.10.2025	AS Monaco	90	84	Valencia Basket	57	37
Eurolig	17.10.2025	Asvel Lyon-Villeurbanne	83	90	Virtus Bologna	42	40
Eurolig	17.10.2025	Baskonia Vitoria-Gasteiz	79	91	Partizan	40	48
Eurolig	17.10.2025	Paris Basketball	88	89	Hapoel Tel Aviv	44	45
Eurolig	22.10.2025	Maccabi Tel Aviv	92	91	Real Madrid	57	48
Eurolig	23.10.2025	Asvel Lyon-Villeurbanne	85	79	BC Dubai	44	44
Eurolig	23.10.2025	Hapoel Tel Aviv	85	77	AS Monaco	44	34
Eurolig	23.10.2025	Barcelona	73	88	Zalgiris Kaunas	39	52
Eurolig	23.10.2025	Olimpia Milano	100	103	Valencia Basket	48	54
Eurolig	23.10.2025	Kızılyıldız	90	72	Baskonia Vitoria-Gasteiz	40	43
Eurolig	24.10.2025	Anadolu Efes	69	79	Fenerbahçe Beko	43	44
Eurolig	24.10.2025	Virtus Bologna	92	75	Panathinaikos Aktor	48	35
Eurolig	24.10.2025	Partizan	83	101	Paris Basketball	46	48
Eurolig	24.10.2025	Bayern Münih	71	96	Olympiakos	29	47
Eurolig	28.10.2025	Kızılyıldız	79	65	Asvel Lyon-Villeurbanne	39	25
Eurolig	28.10.2025	Zalgiris Kaunas	86	65	Virtus Bologna	42	33
Eurolig	28.10.2025	Bayern Münih	90	84	Real Madrid	44	57
Eurolig	28.10.2025	Panathinaikos Aktor	99	85	Maccabi Tel Aviv	47	49
Eurolig	28.10.2025	Barcelona	74	72	Olimpia Milano	36	41
Eurolig	28.10.2025	Baskonia Vitoria-Gasteiz	92	85	BC Dubai	41	42
Eurolig	28.10.2025	Paris Basketball	80	90	Anadolu Efes	39	46
Eurolig	28.10.2025	Valencia Basket	94	79	Fenerbahçe Beko	51	35
Eurolig	29.10.2025	Hapoel Tel Aviv	97	84	Partizan	43	42
Eurolig	29.10.2025	Olympiakos	87	92	AS Monaco	38	37
Eurolig	30.10.2025	Zalgiris Kaunas	96	59	Asvel Lyon-Villeurbanne	48	35
Eurolig	30.10.2025	Maccabi Tel Aviv	92	99	Kızılyıldız	48	58
Eurolig	30.10.2025	Bayern Münih	86	70	Virtus Bologna	41	38
Eurolig	30.10.2025	Olimpia Milano	86	77	Paris Basketball	47	27
Eurolig	30.10.2025	Valencia Basket	80	78	BC Dubai	38	41
Eurolig	30.10.2025	Real Madrid	84	58	Fenerbahçe Beko	49	22
Eurolig	31.10.2025	AS Monaco	92	84	Panathinaikos Aktor	50	41
Eurolig	31.10.2025	Olympiakos	62	58	Hapoel Tel Aviv	33	39
Eurolig	31.10.2025	Baskonia Vitoria-Gasteiz	86	75	Anadolu Efes	43	39
Eurolig	31.10.2025	Partizan	76	78	Barcelona	41	33
Eurolig	05.11.2025	Kızılyıldız	86	68	Panathinaikos Aktor	46	32
Eurolig	06.11.2025	Fenerbahçe Beko	81	67	Asvel Lyon-Villeurbanne	45	34
Eurolig	06.11.2025	BC Dubai	97	109	Hapoel Tel Aviv	48	47
Eurolig	06.11.2025	Baskonia Vitoria-Gasteiz	87	76	Virtus Bologna	46	34
Eurolig	06.11.2025	Maccabi Tel Aviv	107	112	AS Monaco	49	46
Eurolig	06.11.2025	Paris Basketball	82	86	Bayern Münih	42	53
Eurolig	07.11.2025	Anadolu Efes	93	97	Olimpia Milano	36	33
Eurolig	07.11.2025	Zalgiris Kaunas	86	77	Valencia Basket	38	35
Eurolig	7.11.2025	Olympiakos	80	71	Partizan	38	39
Eurolig	7.11.2025	Barcelona	92	101	Real Madrid	47	58
Eurolig	11.11.2025	BC Dubai	102	86	Kızılyıldız	51	47
Eurolig	11.11.2025	Fenerbahçe Beko	84	75	Maccabi Tel Aviv	40	30
Eurolig	11.11.2025	Hapoel Tel Aviv	114	89	Baskonia Vitoria-Gasteiz	58	48
Eurolig	11.11.2025	Partizan	78	76	AS Monaco	36	32
Eurolig	11.11.2025	Valencia Basket	89	76	Real Madrid	45	38
Eurolig	11.11.2025	Virtus Bologna	99	89	Anadolu Efes	48	45
Eurolig	11.11.2025	Paris Basketball	95	101	Panathinaikos Aktor	43	52
Eurolig	12.11.2025	Olympiakos	95	78	Zalgiris Kaunas	50	36
Eurolig	12.11.2025	Bayern Münih	74	75	Barcelona	32	43
Eurolig	12.11.2025	Olimpia Milano	80	72	Asvel Lyon-Villeurbanne	40	32
Eurolig	13.11.2025	Fenerbahçe Beko	74	68	Hapoel Tel Aviv	27	28
Eurolig	13.11.2025	Kızılyıldız	91	79	AS Monaco	42	46
Eurolig	13.11.2025	Paris Basketball	90	86	Valencia Basket	37	49
Eurolig	13.11.2025	Real Madrid	77	87	Panathinaikos Aktor	38	52
Eurolig	13.11.2025	Maccabi Tel Aviv	89	83	Baskonia Vitoria-Gasteiz	53	43
Eurolig	14.11.2025	BC Dubai	95	89	Zalgiris Kaunas	45	48
Eurolig	14.11.2025	Anadolu Efes	74	72	Bayern Münih	42	34
Eurolig	14.11.2025	Asvel Lyon-Villeurbanne	88	87	Partizan	42	36
Eurolig	14.11.2025	Barcelona	88	81	Virtus Bologna	45	43
Eurolig	14.11.2025	Olimpia Milano	88	87	Olympiakos	47	43
Eurolig	19.11.2025	Asvel Lyon-Villeurbanne	52	84	AS Monaco	21	34
Eurolig	20.11.2025	Anadolu Efes	74	73	Barcelona	35	46
Eurolig	20.11.2025	Panathinaikos Aktor	103	82	BC Dubai	45	48
Eurolig	20.11.2025	Olimpia Milano	83	105	Hapoel Tel Aviv	45	49
Eurolig	20.11.2025	Real Madrid	100	99	Zalgiris Kaunas	43	37
Eurolig	21.11.2025	Olympiakos	98	86	Paris Basketball	58	49
Eurolig	21.11.2025	Baskonia Vitoria-Gasteiz	95	73	Bayern Münih	42	41
Eurolig	21.11.2025	Partizan	87	99	Fenerbahçe Beko	39	56
Eurolig	21.11.2025	Virtus Bologna	99	89	Maccabi Tel Aviv	56	45
Eurolig	21.11.2025	Valencia Basket	76	73	Kızılyıldız	49	39
Eurolig	25.11.2025	BC Dubai	90	89	Paris Basketball	46	45
Eurolig	25.11.2025	Fenerbahçe Beko	66	64	Virtus Bologna	30	31
Eurolig	25.11.2025	Hapoel Tel Aviv	74	75	Real Madrid	36	39
Eurolig	25.11.2025	Zalgiris Kaunas	82	67	Baskonia Vitoria-Gasteiz	37	42
Eurolig	25.11.2025	Panathinaikos Aktor	91	69	Partizan	48	44
Eurolig	25.11.2025	Valencia Basket	90	64	Bayern Münih	41	37
Eurolig	26.11.2025	AS Monaco	102	66	Anadolu Efes	50	43
Eurolig	26.11.2025	Kızılyıldız	91	80	Olympiakos	37	38
Eurolig	26.11.2025	Maccabi Tel Aviv	88	102	Olimpia Milano	48	54
Eurolig	26.11.2025	Barcelona	88	78	Asvel Lyon-Villeurbanne	45	44
Eurolig	04.12.2025	Anadolu Efes	75	81	Real Madrid	58	46
Eurolig	04.12.2025	Anadolu Efes	75	81	Real Madrid	41	37
Eurolig	04.12.2025	Zalgiris Kaunas	65	83	Maccabi Tel Aviv	30	51
Eurolig	04.12.2025	AS Monaco	125	104	Paris Basketball	58	46
Eurolig	04.12.2025	Hapoel Tel Aviv	87	80	Asvel Lyon-Villeurbanne	47	41
Eurolig	04.12.2025	Partizan	92	85	Bayern Münih	36	43
Eurolig	05.12.2025	Kızılyıldız	79	89	Barcelona	39	46
Eurolig	5.12.2025	Panathinaikos Aktor	79	89	Valencia Basket	44	38
Eurolig	5.12.2025	Baskonia Vitoria-Gasteiz	88	78	Olimpia Milano	49	42
Eurolig	5.12.2025	Virtus Bologna	79	78	BC Dubai	39	44
Eurolig	11.12.2025	Olimpia Milano	96	89	Panathinaikos Aktor	54	44
Eurolig	11.12.2025	Valencia Basket	94	82	Anadolu Efes	45	39
Eurolig	11.12.2025	Paris Basketball	105	108	Zalgiris Kaunas	56	48
Eurolig	11.12.2025	Real Madrid	94	87	Baskonia Vitoria-Gasteiz	42	39
Eurolig	12.12.2025	BC Dubai	89	88	Bayern Münih	42	46
Eurolig	12.12.2025	AS Monaco	86	92	Fenerbahçe Beko	46	38
Eurolig	12.12.2025	Barcelona	98	85	Olympiakos	42	39
Eurolig	12.12.2025	Partizan	79	76	Kızılyıldız	35	39
Eurolig	12.12.2025	Virtus Bologna	74	79	Hapoel Tel Aviv	42	36
Eurolig	16.12.2025	BC Dubai			Maccabi Tel Aviv		
Eurolig	16.12.2025	Fenerbahçe Beko			Panathinaikos Aktor		
Eurolig	16.12.2025	Hapoel Tel Aviv			Kızılyıldız		
Eurolig	16.12.2025	Olympiakos			Valencia Basket		
Eurolig	16.12.2025	Olimpia Milano			Real Madrid		
Eurolig	16.12.2025	Paris Basketball			Barcelona		
Eurolig	17.12.2025	Zalgiris Kaunas			Anadolu Efes		
Eurolig	17.12.2025	Asvel Lyon-Villeurbanne			Bayern Münih		
Eurolig	17.12.2025	Baskonia Vitoria-Gasteiz			AS Monaco		
Eurolig	17.12.2025	Partizan			Virtus Bologna		
Eurolig	18.12.2025	Maccabi Tel Aviv			Valencia Basket		
Eurolig	18.12.2025	Panathinaikos Aktor			Hapoel Tel Aviv		
Eurolig	18.12.2025	Olimpia Milano			Fenerbahçe Beko		
Eurolig	18.12.2025	Real Madrid			Paris Basketball		
Eurolig	19.12.2025	Anadolu Efes			BC Dubai		
Eurolig	19.12.2025	Zalgiris Kaunas			Partizan		
Eurolig	19.12.2025	AS Monaco			Bayern Münih		
Eurolig	19.12.2025	Olympiakos			Asvel Lyon-Villeurbanne		
Eurolig	19.12.2025	Barcelona			Baskonia Vitoria-Gasteiz		
Eurolig	19.12.2025	Kızılyıldız			Virtus Bologna		
Eurolig	23.12.2025	BC Dubai			Olimpia Milano		
Eurolig	23.12.2025	Fenerbahçe Beko			Barcelona		
Eurolig	23.12.2025	Zalgiris Kaunas			Panathinaikos Aktor		
Eurolig	23.12.2025	Bayern Münih			Hapoel Tel Aviv		
Eurolig	23.12.2025	Valencia Basket			Baskonia Vitoria-Gasteiz		
Eurolig	23.12.2025	Asvel Lyon-Villeurbanne			Anadolu Efes		
Eurolig	23.12.2025	Paris Basketball			Kızılyıldız		
Eurolig	26.12.2025	AS Monaco			Real Madrid		
Eurolig	26.12.2025	Partizan			Maccabi Tel Aviv		
Eurolig	26.12.2025	Virtus Bologna			Olympiakos		
Eurolig	30.12.2025	Asvel Lyon-Villeurbanne			Paris Basketball		
Eurolig	30.12.2025	Hapoel Tel Aviv			Zalgiris Kaunas		
Eurolig	30.12.2025	Barcelona			AS Monaco		
Eurolig	30.12.2025	Valencia Basket			Partizan		
Eurolig	02.01.2026	Anadolu Efes			Kızılyıldız		
Eurolig	02.01.2026	Panathinaikos Aktor			Olympiakos		
Eurolig	02.01.2026	Baskonia Vitoria-Gasteiz			Fenerbahçe Beko		
Eurolig	02.01.2026	Virtus Bologna			Olimpia Milano		
Eurolig	2.1.2026	Real Madrid			BC Dubai		
Eurolig	2.1.2026	Bayern Münih			Maccabi Tel Aviv		
Eurolig	06.01.2026	Fenerbahçe Beko			Olympiakos		
Eurolig	06.01.2026	Hapoel Tel Aviv			BC Dubai		
Eurolig	06.01.2026	AS Monaco			Partizan		
Eurolig	06.01.2026	Asvel Lyon-Villeurbanne			Real Madrid		
Eurolig	06.01.2026	Kızılyıldız			Valencia Basket		
Eurolig	06.01.2026	Panathinaikos Aktor			Olimpia Milano		
Eurolig	06.01.2026	Barcelona			Maccabi Tel Aviv		
Eurolig	06.01.2026	Virtus Bologna			Zalgiris Kaunas		
Eurolig	7.1.2026	Anadolu Efes			Paris Basketball		
Eurolig	7.1.2026	Bayern Münih			Baskonia Vitoria-Gasteiz		
Eurolig	08.01.2026	BC Dubai			Fenerbahçe Beko		
Eurolig	08.01.2026	Panathinaikos Aktor			Virtus Bologna		
Eurolig	08.01.2026	Valencia Basket			AS Monaco		
Eurolig	08.01.2026	Real Madrid			Maccabi Tel Aviv		
Eurolig	09.01.2026	Hapoel Tel Aviv			Paris Basketball		
Eurolig	09.01.2026	Zalgiris Kaunas			Kızılyıldız		
Eurolig	09.01.2026	Olympiakos			Bayern Münih		
Eurolig	09.01.2026	Barcelona			Partizan		
Eurolig	9.1.2026	Baskonia Vitoria-Gasteiz			Asvel Lyon-Villeurbanne		
Eurolig	9.1.2026	Olimpia Milano			Anadolu Efes		
Eurolig	15.01.2026	BC Dubai			Virtus Bologna		
Eurolig	15.01.2026	Anadolu Efes			Baskonia Vitoria-Gasteiz		
Eurolig	15.01.2026	Bayern Münih			Panathinaikos Aktor		
Eurolig	15.01.2026	Maccabi Tel Aviv			Zalgiris Kaunas		
Eurolig	15.01.2026	Olimpia Milano			Kızılyıldız		
Eurolig	15.01.2026	Paris Basketball			AS Monaco		
Eurolig	16.01.2026	Fenerbahçe Beko			Valencia Basket		
Eurolig	16.01.2026	Asvel Lyon-Villeurbanne			Hapoel Tel Aviv		
Eurolig	16.1.2026	Partizan			Olympiakos		
Eurolig	16.1.2026	Real Madrid			Barcelona		
Eurolig	20.01.2026	Hapoel Tel Aviv			Anadolu Efes		
Eurolig	20.01.2026	AS Monaco			Kızılyıldız		
Eurolig	20.01.2026	Asvel Lyon-Villeurbanne			Zalgiris Kaunas		
Eurolig	20.01.2026	Olympiakos			Maccabi Tel Aviv		
Eurolig	20.01.2026	Panathinaikos Aktor			Baskonia Vitoria-Gasteiz		
Eurolig	20.01.2026	Barcelona			BC Dubai		
Eurolig	20.01.2026	Valencia Basket			Paris Basketball		
Eurolig	20.01.2026	Partizan			Bayern Münih		
Eurolig	20.1.2026	Real Madrid			Olimpia Milano		
Eurolig	21.1.2026	Virtus Bologna			Fenerbahçe Beko		
Eurolig	22.01.2026	Anadolu Efes			Olympiakos		
Eurolig	22.01.2026	Maccabi Tel Aviv			Panathinaikos Aktor		
Eurolig	22.01.2026	Bayern Münih			Valencia Basket		
Eurolig	22.01.2026	Olimpia Milano			Zalgiris Kaunas		
Eurolig	22.01.2026	Paris Basketball			BC Dubai		
Eurolig	22.01.2026	Real Madrid			AS Monaco		
Eurolig	23.01.2026	Fenerbahçe Beko			Baskonia Vitoria-Gasteiz		
Eurolig	23.01.2026	Asvel Lyon-Villeurbanne			Barcelona		
Eurolig	23.1.2026	Partizan			Hapoel Tel Aviv		
Eurolig	23.1.2026	Virtus Bologna			Kızılyıldız		
Eurolig	28.01.2026	Paris Basketball			Real Madrid		
Eurolig	29.01.2026	Fenerbahçe Beko			Anadolu Efes		
Eurolig	29.01.2026	Hapoel Tel Aviv			Bayern Münih		
Eurolig	29.01.2026	Olympiakos			Barcelona		
Eurolig	29.01.2026	Olimpia Milano			Partizan		
Eurolig	29.01.2026	Valencia Basket			Maccabi Tel Aviv		
Eurolig	30.01.2026	AS Monaco			Virtus Bologna		
Eurolig	30.01.2026	Asvel Lyon-Villeurbanne			Panathinaikos Aktor		
Eurolig	30.1.2026	Kızılyıldız			BC Dubai		
Eurolig	30.1.2026	Baskonia Vitoria-Gasteiz			Zalgiris Kaunas		
Eurolig	03.02.2026	BC Dubai			Olympiakos		
Eurolig	03.02.2026	Anadolu Efes			Valencia Basket		
Eurolig	03.02.2026	Zalgiris Kaunas			AS Monaco		
Eurolig	03.02.2026	Kızılyıldız			Hapoel Tel Aviv		
Eurolig	03.02.2026	Panathinaikos Aktor			Real Madrid		
Eurolig	03.02.2026	Barcelona			Fenerbahçe Beko		
Eurolig	03.02.2026	Bayern Münih			Paris Basketball		
Eurolig	03.02.2026	Olimpia Milano			Baskonia Vitoria-Gasteiz		
Eurolig	3.2.2026	Maccabi Tel Aviv			Partizan		
Eurolig	4.2.2026	Virtus Bologna			Asvel Lyon-Villeurbanne		
Eurolig	05.02.2026	BC Dubai			Real Madrid		
Eurolig	05.02.2026	Hapoel Tel Aviv			Valencia Basket		
Eurolig	05.02.2026	Bayern Münih			AS Monaco		
Eurolig	05.02.2026	Partizan			Panathinaikos Aktor		
Eurolig	05.02.2026	Paris Basketball			Fenerbahçe Beko		
Eurolig	06.02.2026	Anadolu Efes			Zalgiris Kaunas		
Eurolig	06.02.2026	Asvel Lyon-Villeurbanne			Olimpia Milano		
Eurolig	06.02.2026	Kızılyıldız			Maccabi Tel Aviv		
Eurolig	6.2.2026	Olympiakos			Virtus Bologna		
Eurolig	6.2.2026	Baskonia Vitoria-Gasteiz			Barcelona		
Eurolig	12.02.2026	Anadolu Efes			Virtus Bologna		
Eurolig	12.02.2026	Maccabi Tel Aviv			Bayern Münih		
Eurolig	12.02.2026	Olympiakos			Kızılyıldız		
Eurolig	12.02.2026	Barcelona			Paris Basketball		
Eurolig	12.02.2026	Valencia Basket			Asvel Lyon-Villeurbanne		
Eurolig	13.02.2026	Zalgiris Kaunas			Hapoel Tel Aviv		
Eurolig	13.02.2026	AS Monaco			Baskonia Vitoria-Gasteiz		
Eurolig	13.02.2026	Panathinaikos Aktor			Fenerbahçe Beko		
Eurolig	13.2.2026	Olimpia Milano			BC Dubai		
Eurolig	13.2.2026	Partizan			Real Madrid		
Eurolig	25.02.2026	Fenerbahçe Beko			Partizan		
Eurolig	25.02.2026	Zalgiris Kaunas			Olympiakos		
Eurolig	25.02.2026	Virtus Bologna			Barcelona		
Eurolig	26.02.2026	BC Dubai			Asvel Lyon-Villeurbanne		
Eurolig	26.02.2026	Hapoel Tel Aviv			Olimpia Milano		
Eurolig	26.02.2026	AS Monaco			Maccabi Tel Aviv		
Eurolig	26.02.2026	Kızılyıldız			Anadolu Efes		
Eurolig	26.02.2026	Panathinaikos Aktor			Partizan		
Eurolig	26.2.2026	Baskonia Vitoria-Gasteiz			Valencia Basket		
Eurolig	26.2.2026	Real Madrid			Bayern Münih		
Eurolig	05.03.2026	Fenerbahçe Beko			AS Monaco		
Eurolig	05.03.2026	Maccabi Tel Aviv			Hapoel Tel Aviv		
Eurolig	05.03.2026	Olimpia Milano			Barcelona		
Eurolig	05.03.2026	Partizan			BC Dubai		
Eurolig	05.03.2026	Valencia Basket			Zalgiris Kaunas		
Eurolig	05.03.2026	Real Madrid			Virtus Bologna		
Eurolig	06.03.2026	Anadolu Efes			Asvel Lyon-Villeurbanne		
Eurolig	06.03.2026	Kızılyıldız			Bayern Münih		
Eurolig	6.3.2026	Olympiakos			Panathinaikos Aktor		
Eurolig	6.3.2026	Baskonia Vitoria-Gasteiz			Paris Basketball		
Eurolig	12.03.2026	Bayern Münih			Anadolu Efes		
Eurolig	12.03.2026	Panathinaikos Aktor			Zalgiris Kaunas		
Eurolig	12.03.2026	Virtus Bologna			Partizan		
Eurolig	12.03.2026	Paris Basketball			Asvel Lyon-Villeurbanne		
Eurolig	12.03.2026	Real Madrid			Valencia Basket		
Eurolig	13.03.2026	BC Dubai			Baskonia Vitoria-Gasteiz		
Eurolig	13.03.2026	AS Monaco			Olympiakos		
Eurolig	13.03.2026	Kızılyıldız			Fenerbahçe Beko		
Eurolig	13.3.2026	Barcelona			Hapoel Tel Aviv		
Eurolig	13.3.2026	Olimpia Milano			Maccabi Tel Aviv		
Eurolig	19.03.2026	Anadolu Efes			AS Monaco		
Eurolig	19.03.2026	Hapoel Tel Aviv			Virtus Bologna		
Eurolig	19.03.2026	Bayern Münih			BC Dubai		
Eurolig	19.03.2026	Olympiakos			Baskonia Vitoria-Gasteiz		
Eurolig	19.03.2026	Valencia Basket			Barcelona		
Eurolig	19.03.2026	Paris Basketball			Partizan		
Eurolig	20.03.2026	Fenerbahçe Beko			Olimpia Milano		
Eurolig	20.03.2026	Zalgiris Kaunas			Real Madrid		
Eurolig	20.3.2026	Asvel Lyon-Villeurbanne			Maccabi Tel Aviv		
Eurolig	20.3.2026	Panathinaikos Aktor			Kızılyıldız		
Eurolig	24.03.2026	BC Dubai			Panathinaikos Aktor		
Eurolig	24.03.2026	AS Monaco			Olimpia Milano		
Eurolig	24.03.2026	Zalgiris Kaunas			Bayern Münih		
Eurolig	24.03.2026	Maccabi Tel Aviv			Fenerbahçe Beko		
Eurolig	24.03.2026	Barcelona			Anadolu Efes		
Eurolig	24.03.2026	Partizan			Asvel Lyon-Villeurbanne		
Eurolig	24.03.2026	Valencia Basket			Olympiakos		
Eurolig	24.03.2026	Real Madrid			Hapoel Tel Aviv		
Eurolig	24.3.2026	Virtus Bologna			Paris Basketball		
Eurolig	25.3.2026	Baskonia Vitoria-Gasteiz			Kızılyıldız		
Eurolig	26.03.2026	Maccabi Tel Aviv			BC Dubai		
Eurolig	26.03.2026	Bayern Münih			Asvel Lyon-Villeurbanne		
Eurolig	26.03.2026	Olimpia Milano			Virtus Bologna		
Eurolig	26.03.2026	Paris Basketball			Olympiakos		
Eurolig	26.03.2026	Real Madrid			Anadolu Efes		
Eurolig	27.03.2026	Fenerbahçe Beko			Zalgiris Kaunas		
Eurolig	27.03.2026	Panathinaikos Aktor			AS Monaco		
Eurolig	27.03.2026	Barcelona			Kızılyıldız		
Eurolig	27.3.2026	Baskonia Vitoria-Gasteiz			Hapoel Tel Aviv		
Eurolig	27.3.2026	Partizan			Valencia Basket		
Eurolig	01.04.2026	Maccabi Tel Aviv			Anadolu Efes		
Eurolig	02.04.2026	Hapoel Tel Aviv			Panathinaikos Aktor		
Eurolig	02.04.2026	Zalgiris Kaunas			Barcelona		
Eurolig	02.04.2026	Kızılyıldız			Partizan		
Eurolig	02.04.2026	Paris Basketball			Olimpia Milano		
Eurolig	03.04.2026	BC Dubai			AS Monaco		
Eurolig	03.04.2026	Asvel Lyon-Villeurbanne			Olympiakos		
Eurolig	03.04.2026	Baskonia Vitoria-Gasteiz			Real Madrid		
Eurolig	3.4.2026	Bayern Münih			Fenerbahçe Beko		
Eurolig	3.4.2026	Virtus Bologna			Valencia Basket		
Eurolig	07.04.2026	Zalgiris Kaunas			BC Dubai		
Eurolig	07.04.2026	Hapoel Tel Aviv			Fenerbahçe Beko		
Eurolig	07.04.2026	Kızılyıldız			Paris Basketball		
Eurolig	07.04.2026	Olympiakos			Real Madrid		
Eurolig	07.04.2026	Barcelona			Panathinaikos Aktor		
Eurolig	07.04.2026	Baskonia Vitoria-Gasteiz			Maccabi Tel Aviv		
Eurolig	07.04.2026	Valencia Basket			Olimpia Milano		
Eurolig	07.04.2026	Virtus Bologna			Bayern Münih		
Eurolig	8.4.2026	Anadolu Efes			Partizan		
Eurolig	8.4.2026	AS Monaco			Asvel Lyon-Villeurbanne		
Eurolig	09.04.2026	Hapoel Tel Aviv			Olympiakos		
Eurolig	09.04.2026	Fenerbahçe Beko			Real Madrid		
Eurolig	09.04.2026	Olimpia Milano			Bayern Münih		
Eurolig	09.04.2026	Paris Basketball			Maccabi Tel Aviv		
Eurolig	09.04.2026	Valencia Basket			Panathinaikos Aktor		
Eurolig	10.04.2026	BC Dubai			Anadolu Efes		
Eurolig	10.04.2026	AS Monaco			Barcelona		
Eurolig	10.04.2026	Asvel Lyon-Villeurbanne			Kızılyıldız		
Eurolig	10.4.2026	Partizan			Zalgiris Kaunas		
Eurolig	10.4.2026	Virtus Bologna			Baskonia Vitoria-Gasteiz		
Eurolig	16.04.2026	Asvel Lyon-Villeurbanne			Fenerbahçe Beko		
Eurolig	16.04.2026	Maccabi Tel Aviv			Virtus Bologna		
Eurolig	16.04.2026	Olympiakos			Olimpia Milano		
Eurolig	16.04.2026	Partizan			Baskonia Vitoria-Gasteiz		
Eurolig	16.04.2026	Real Madrid			Kızılyıldız		
Eurolig	17.04.2026	BC Dubai			Valencia Basket		
Eurolig	17.04.2026	Zalgiris Kaunas			Paris Basketball		
Eurolig	17.04.2026	AS Monaco			Hapoel Tel Aviv		
Eurolig	17.4.2026	Panathinaikos Aktor			Anadolu Efes		
Eurolig	17.4.2026	Barcelona			Bayern Münih		
Türkiye	26.09.2025	Anadolu Efes	90	76	Esenler Erokspor	48	28
Türkiye	27.09.2025	Bahçeşehir Koleji	93	86	Galatasaray MCT Technic	42	47
Türkiye	27.09.2025	Beşiktaş Gain	77	72	Türk Telekom	42	33
Türkiye	27.09.2025	Tofaş	80	78	Fenerbahçe Beko	43	39
Türkiye	28.09.2025	Aliağa Petkim Spor	85	73	Karşıyaka	57	31
Türkiye	28.09.2025	Trabzonspor	94	76	ONVO Büyükçekmece Basketbol	47	38
Türkiye	28.09.2025	Glint Manisa Basket	68	87	Mersin Spor	29	41
Türkiye	29.09.2025	Yukatel Merkezefendi Bld.	75	65	Bursaspor Basketbol	42	35
Türkiye	03.10.2025	Galatasaray MCT Technic	93	91	Tofaş	49	42
Türkiye	04.10.2025	Esenler Erokspor	67	72	Trabzonspor	27	44
Türkiye	04.10.2025	Mersin Spor	86	99	Beşiktaş Gain	35	58
Türkiye	04.10.2025	Türk Telekom	98	102	Bahçeşehir Koleji	53	49
Türkiye	05.10.2025	ONVO Büyükçekmece Basketbol	69	89	Glint Manisa Basket	33	44
Türkiye	05.10.2025	Karşıyaka	76	69	Yukatel Merkezefendi Bld.	40	28
Türkiye	05.10.2025	Bursaspor Basketbol	73	93	Anadolu Efes	37	42
Türkiye	06.10.2025	Fenerbahçe Beko	105	83	Aliağa Petkim Spor	60	41
Türkiye	10.10.2025	Beşiktaş Gain	100	76	ONVO Büyükçekmece Basketbol	44	52
Türkiye	11.10.2025	Trabzonspor	79	85	Bursaspor Basketbol	38	43
Türkiye	11.10.2025	Tofaş	85	73	Türk Telekom	50	32
Türkiye	11.10.2025	Bahçeşehir Koleji	72	69	Mersin Spor	40	36
Türkiye	12.10.2025	Anadolu Efes	90	72	Yukatel Merkezefendi Bld.	52	38
Türkiye	12.10.2025	Fenerbahçe Beko	87	73	Karşıyaka	43	38
Türkiye	12.10.2025	Aliağa Petkim Spor	75	80	Galatasaray MCT Technic	43	37
Türkiye	13.10.2025	Glint Manisa Basket	75	95	Esenler Erokspor	41	46
Türkiye	17.10.2025	ONVO Büyükçekmece Basketbol	81	96	Bahçeşehir Koleji	42	52
Türkiye	18.10.2025	Esenler Erokspor	80	84	Beşiktaş Gain	36	40
Türkiye	18.10.2025	Türk Telekom	85	61	Aliağa Petkim Spor	37	32
Türkiye	18.10.2025	Bursaspor Basketbol	84	69	Glint Manisa Basket	36	38
Türkiye	19.10.2025	Yukatel Merkezefendi Bld.	84	75	Trabzonspor	48	43
Türkiye	19.10.2025	Galatasaray MCT Technic	76	85	Fenerbahçe Beko	42	44
Türkiye	19.10.2025	Mersin Spor	84	80	Tofaş	42	37
Türkiye	20.10.2025	Karşıyaka	87	101	Anadolu Efes	50	47
Türkiye	25.10.2025	Bahçeşehir Koleji	65	83	Esenler Erokspor	29	50
Türkiye	25.10.2025	Tofaş	91	70	ONVO Büyükçekmece Basketbol	46	30
Türkiye	25.10.2025	Beşiktaş Gain	88	70	Bursaspor Basketbol	44	34
Türkiye	25.10.2025	Glint Manisa Basket	88	79	Yukatel Merkezefendi Bld.	43	45
Türkiye	26.10.2025	Fenerbahçe Beko	92	84	Türk Telekom	60	43
Türkiye	26.10.2025	Trabzonspor	74	81	Anadolu Efes	35	37
Türkiye	26.10.2025	Aliağa Petkim Spor	90	86	Mersin Spor	44	41
Türkiye	26.10.2025	Galatasaray MCT Technic	103	83	Karşıyaka	51	43
Türkiye	31.10.2025	Esenler Erokspor	92	70	Tofaş	39	33
Türkiye	01.11.2025	Yukatel Merkezefendi Bld.	77	95	Beşiktaş Gain	36	44
Türkiye	01.11.2025	Türk Telekom	83	81	Galatasaray MCT Technic	46	40
Türkiye	01.11.2025	Bursaspor Basketbol	75	77	Bahçeşehir Koleji	37	38
Türkiye	02.11.2025	ONVO Büyükçekmece Basketbol	85	89	Aliağa Petkim Spor	45	41
Türkiye	02.11.2025	Karşıyaka	69	85	Trabzonspor	41	46
Türkiye	02.11.2025	Mersin Spor	78	87	Fenerbahçe Beko	42	45
Türkiye	03.11.2025	Anadolu Efes	104	72	Glint Manisa Basket	55	34
Türkiye	08.11.2025	Fenerbahçe Beko	91	87	ONVO Büyükçekmece Basketbol	35	54
Türkiye	08.11.2025	Bahçeşehir Koleji	85	67	Yukatel Merkezefendi Bld.	51	28
Türkiye	08.11.2025	Türk Telekom	111	59	Karşıyaka	60	38
Türkiye	08.11.2025	Tofaş	84	70	Bursaspor Basketbol	43	41
Türkiye	09.11.2025	Glint Manisa Basket	82	93	Trabzonspor	48	56
Türkiye	09.11.2025	Aliağa Petkim Spor	70	79	Esenler Erokspor	36	37
Türkiye	09.11.2025	Galatasaray MCT Technic	85	79	Mersin Spor	41	33
Türkiye	09.11.2025	Beşiktaş Gain	78	69	Anadolu Efes	31	35
Türkiye	14.11.2025	ONVO Büyükçekmece Basketbol	81	84	Galatasaray MCT Technic	38	37
Türkiye	15.11.2025	Bursaspor Basketbol	76	74	Aliağa Petkim Spor	39	35
Türkiye	15.11.2025	Mersin Spor	82	96	Türk Telekom	36	48
Türkiye	15.11.2025	Karşıyaka	69	80	Glint Manisa Basket	36	48
Türkiye	16.11.2025	Anadolu Efes	75	78	Bahçeşehir Koleji	40	41
Türkiye	16.11.2025	Trabzonspor	84	98	Beşiktaş Gain	36	50
Türkiye	16.11.2025	Yukatel Merkezefendi Bld.	78	72	Tofaş	38	35
Türkiye	16.11.2025	Esenler Erokspor	80	94	Fenerbahçe Beko	39	47
Türkiye	21.11.2025	Mersin Spor	92	87	Karşıyaka	41	40
Türkiye	22.11.2025	Beşiktaş Gain	79	65	Glint Manisa Basket	32	44
Türkiye	22.11.2025	Bahçeşehir Koleji	91	77	Trabzonspor	42	33
Türkiye	22.11.2025	Türk Telekom	89	82	ONVO Büyükçekmece Basketbol	44	44
Türkiye	23.11.2025	Aliağa Petkim Spor	73	81	Yukatel Merkezefendi Bld.	36	42
Türkiye	23.11.2025	Galatasaray MCT Technic	88	76	Esenler Erokspor	43	31
Türkiye	23.11.2025	Tofaş	86	79	Anadolu Efes	47	47
Türkiye	23.11.2025	Fenerbahçe Beko	92	84	Bursaspor Basketbol	41	45
Türkiye	05.12.2025	Trabzonspor	92	87	Tofaş	46	43
Türkiye	06.12.2025	ONVO Büyükçekmece Basketbol	88	77	Mersin Spor	46	41
Türkiye	06.12.2025	Glint Manisa Basket	70	77	Bahçeşehir Koleji	45	41
Türkiye	06.12.2025	Bursaspor Basketbol	91	87	Galatasaray MCT Technic	52	49
Türkiye	07.12.2025	Yukatel Merkezefendi Bld.	64	87	Fenerbahçe Beko	38	38
Türkiye	07.12.2025	Karşıyaka	73	86	Beşiktaş Gain	34	44
Türkiye	07.12.2025	Anadolu Efes	92	96	Aliağa Petkim Spor	42	54
Türkiye	07.12.2025	Esenler Erokspor	61	67	Türk Telekom	25	28
Türkiye	12.12.2025	Galatasaray MCT Technic	98	89	Yukatel Merkezefendi Bld.	50	47
Türkiye	13.12.2025	Türk Telekom	101	74	Bursaspor Basketbol	54	36
Türkiye	13.12.2025	Tofaş	80	62	Glint Manisa Basket	30	33
Türkiye	13.12.2025	Bahçeşehir Koleji	88	95	Beşiktaş Gain	36	46
Türkiye	14.12.2025	Aliağa Petkim Spor	91	105	Trabzonspor	48	50
Türkiye	14.12.2025	Mersin Spor	83	88	Esenler Erokspor	45	44
Türkiye	14.12.2025	Fenerbahçe Beko	97	94	Anadolu Efes	47	39
Türkiye	15.12.2025	ONVO Büyükçekmece Basketbol	83	87	Karşıyaka	44	51
Türkiye	19.12.2025	Anadolu Efes			Galatasaray MCT Technic		
Türkiye	19.12.2025	Beşiktaş Gain			Tofaş		
Türkiye	19.12.2025	Bursaspor Basketbol			Mersin Spor		
Türkiye	19.12.2025	Esenler Erokspor			ONVO Büyükçekmece Basketbol		
Türkiye	19.12.2025	Glint Manisa Basket			Aliağa Petkim Spor		
Türkiye	19.12.2025	Karşıyaka			Bahçeşehir Koleji		
Türkiye	19.12.2025	Trabzonspor			Fenerbahçe Beko		
Türkiye	19.12.2025	Yukatel Merkezefendi Bld.			Türk Telekom		
Türkiye	26.12.2025	Aliağa Petkim Spor			Beşiktaş Gain		
Türkiye	26.12.2025	Esenler Erokspor			Karşıyaka		
Türkiye	26.12.2025	Fenerbahçe Beko			Glint Manisa Basket		
Türkiye	26.12.2025	Galatasaray MCT Technic			Trabzonspor		
Türkiye	26.12.2025	Mersin Spor			Yukatel Merkezefendi Bld.		
Türkiye	26.12.2025	ONVO Büyükçekmece Basketbol			Bursaspor Basketbol		
Türkiye	26.12.2025	Tofaş			Bahçeşehir Koleji		
Türkiye	26.12.2025	Türk Telekom			Anadolu Efes		
Türkiye	02.01.2026	Anadolu Efes			Mersin Spor		
Türkiye	02.01.2026	Bahçeşehir Koleji			Aliağa Petkim Spor		
Türkiye	02.01.2026	Beşiktaş Gain			Fenerbahçe Beko		
Türkiye	02.01.2026	Bursaspor Basketbol			Esenler Erokspor		
Türkiye	02.01.2026	Glint Manisa Basket			Galatasaray MCT Technic		
Türkiye	02.01.2026	Karşıyaka			Tofaş		
Türkiye	02.01.2026	Trabzonspor			Türk Telekom		
Türkiye	02.01.2026	Yukatel Merkezefendi Bld.			ONVO Büyükçekmece Basketbol		
Türkiye	09.01.2026	Aliağa Petkim Spor			Tofaş		
Türkiye	09.01.2026	Bursaspor Basketbol			Karşıyaka		
Türkiye	09.01.2026	Esenler Erokspor			Yukatel Merkezefendi Bld.		
Türkiye	09.01.2026	Fenerbahçe Beko			Bahçeşehir Koleji		
Türkiye	09.01.2026	Galatasaray MCT Technic			Beşiktaş Gain		
Türkiye	09.01.2026	Mersin Spor			Trabzonspor		
Türkiye	09.01.2026	ONVO Büyükçekmece Basketbol			Anadolu Efes		
Türkiye	09.01.2026	Türk Telekom			Glint Manisa Basket		
Türkiye	16.01.2026	Bursaspor Basketbol			Yukatel Merkezefendi Bld.		
Türkiye	16.01.2026	Esenler Erokspor			Anadolu Efes		
Türkiye	16.01.2026	Fenerbahçe Beko			Tofaş		
Türkiye	16.01.2026	Galatasaray MCT Technic			Bahçeşehir Koleji		
Türkiye	16.01.2026	Karşıyaka			Aliağa Petkim Spor		
Türkiye	16.01.2026	Mersin Spor			Glint Manisa Basket		
Türkiye	16.01.2026	ONVO Büyükçekmece Basketbol			Trabzonspor		
Türkiye	16.01.2026	Türk Telekom			Beşiktaş Gain		
Türkiye	23.01.2026	Aliağa Petkim Spor			Fenerbahçe Beko		
Türkiye	23.01.2026	Anadolu Efes			Bursaspor Basketbol		
Türkiye	23.01.2026	Bahçeşehir Koleji			Türk Telekom		
Türkiye	23.01.2026	Beşiktaş Gain			Mersin Spor		
Türkiye	23.01.2026	Glint Manisa Basket			ONVO Büyükçekmece Basketbol		
Türkiye	23.01.2026	Tofaş			Galatasaray MCT Technic		
Türkiye	23.01.2026	Trabzonspor			Esenler Erokspor		
Türkiye	23.01.2026	Yukatel Merkezefendi Bld.			Karşıyaka		
Türkiye	31.01.2026	Bursaspor Basketbol			Trabzonspor		
Türkiye	31.01.2026	Esenler Erokspor			Glint Manisa Basket		
Türkiye	31.01.2026	Galatasaray MCT Technic			Aliağa Petkim Spor		
Türkiye	31.01.2026	Karşıyaka			Fenerbahçe Beko		
Türkiye	31.01.2026	Mersin Spor			Bahçeşehir Koleji		
Türkiye	31.01.2026	ONVO Büyükçekmece Basketbol			Beşiktaş Gain		
Türkiye	31.01.2026	Türk Telekom			Tofaş		
Türkiye	31.01.2026	Yukatel Merkezefendi Bld.			Anadolu Efes		
Türkiye	06.02.2026	Aliağa Petkim Spor			Türk Telekom		
Türkiye	06.02.2026	Anadolu Efes			Karşıyaka		
Türkiye	06.02.2026	Bahçeşehir Koleji			ONVO Büyükçekmece Basketbol		
Türkiye	06.02.2026	Beşiktaş Gain			Esenler Erokspor		
Türkiye	06.02.2026	Fenerbahçe Beko			Galatasaray MCT Technic		
Türkiye	06.02.2026	Glint Manisa Basket			Bursaspor Basketbol		
Türkiye	06.02.2026	Tofaş			Mersin Spor		
Türkiye	06.02.2026	Trabzonspor			Yukatel Merkezefendi Bld.		
Türkiye	13.02.2026	Anadolu Efes			Trabzonspor		
Türkiye	13.02.2026	Bursaspor Basketbol			Beşiktaş Gain		
Türkiye	13.02.2026	Esenler Erokspor			Bahçeşehir Koleji		
Türkiye	13.02.2026	Karşıyaka			Galatasaray MCT Technic		
Türkiye	13.02.2026	Mersin Spor			Aliağa Petkim Spor		
Türkiye	13.02.2026	ONVO Büyükçekmece Basketbol			Tofaş		
Türkiye	13.02.2026	Türk Telekom			Fenerbahçe Beko		
Türkiye	13.02.2026	Yukatel Merkezefendi Bld.			Glint Manisa Basket		
Türkiye	06.03.2026	Aliağa Petkim Spor			ONVO Büyükçekmece Basketbol		
Türkiye	06.03.2026	Bahçeşehir Koleji			Bursaspor Basketbol		
Türkiye	06.03.2026	Beşiktaş Gain			Yukatel Merkezefendi Bld.		
Türkiye	06.03.2026	Fenerbahçe Beko			Mersin Spor		
Türkiye	06.03.2026	Galatasaray MCT Technic			Türk Telekom		
Türkiye	06.03.2026	Glint Manisa Basket			Anadolu Efes		
Türkiye	06.03.2026	Tofaş			Esenler Erokspor		
Türkiye	06.03.2026	Trabzonspor			Karşıyaka		
Türkiye	13.03.2026	Anadolu Efes			Beşiktaş Gain		
Türkiye	13.03.2026	Bursaspor Basketbol			Tofaş		
Türkiye	13.03.2026	Esenler Erokspor			Aliağa Petkim Spor		
Türkiye	13.03.2026	Karşıyaka			Türk Telekom		
Türkiye	13.03.2026	Mersin Spor			Galatasaray MCT Technic		
Türkiye	13.03.2026	ONVO Büyükçekmece Basketbol			Fenerbahçe Beko		
Türkiye	13.03.2026	Trabzonspor			Glint Manisa Basket		
Türkiye	13.03.2026	Yukatel Merkezefendi Bld.			Bahçeşehir Koleji		
Türkiye	20.03.2026	Aliağa Petkim Spor			Bursaspor Basketbol		
Türkiye	20.03.2026	Bahçeşehir Koleji			Anadolu Efes		
Türkiye	20.03.2026	Beşiktaş Gain			Trabzonspor		
Türkiye	20.03.2026	Fenerbahçe Beko			Esenler Erokspor		
Türkiye	20.03.2026	Galatasaray MCT Technic			ONVO Büyükçekmece Basketbol		
Türkiye	20.03.2026	Glint Manisa Basket			Karşıyaka		
Türkiye	20.03.2026	Tofaş			Yukatel Merkezefendi Bld.		
Türkiye	20.03.2026	Türk Telekom			Mersin Spor		
Türkiye	27.03.2026	Anadolu Efes			Tofaş		
Türkiye	27.03.2026	Bursaspor Basketbol			Fenerbahçe Beko		
Türkiye	27.03.2026	Esenler Erokspor			Galatasaray MCT Technic		
Türkiye	27.03.2026	Glint Manisa Basket			Beşiktaş Gain		
Türkiye	27.03.2026	Karşıyaka			Mersin Spor		
Türkiye	27.03.2026	ONVO Büyükçekmece Basketbol			Türk Telekom		
Türkiye	27.03.2026	Trabzonspor			Bahçeşehir Koleji		
Türkiye	27.03.2026	Yukatel Merkezefendi Bld.			Aliağa Petkim Spor		
Türkiye	03.04.2026	Aliağa Petkim Spor			Anadolu Efes		
Türkiye	03.04.2026	Bahçeşehir Koleji			Glint Manisa Basket		
Türkiye	03.04.2026	Beşiktaş Gain			Karşıyaka		
Türkiye	03.04.2026	Fenerbahçe Beko			Yukatel Merkezefendi Bld.		
Türkiye	03.04.2026	Galatasaray MCT Technic			Bursaspor Basketbol		
Türkiye	03.04.2026	Mersin Spor			ONVO Büyükçekmece Basketbol		
Türkiye	03.04.2026	Tofaş			Trabzonspor		
Türkiye	03.04.2026	Türk Telekom			Esenler Erokspor		
Türkiye	10.04.2026	Anadolu Efes			Fenerbahçe Beko		
Türkiye	10.04.2026	Beşiktaş Gain			Bahçeşehir Koleji		
Türkiye	10.04.2026	Bursaspor Basketbol			Türk Telekom		
Türkiye	10.04.2026	Esenler Erokspor			Mersin Spor		
Türkiye	10.04.2026	Glint Manisa Basket			Tofaş		
Türkiye	10.04.2026	Karşıyaka			ONVO Büyükçekmece Basketbol		
Türkiye	10.04.2026	Trabzonspor			Aliağa Petkim Spor		
Türkiye	10.04.2026	Yukatel Merkezefendi Bld.			Galatasaray MCT Technic		
Türkiye	17.04.2026	Aliağa Petkim Spor			Glint Manisa Basket		
Türkiye	17.04.2026	Bahçeşehir Koleji			Karşıyaka		
Türkiye	17.04.2026	Fenerbahçe Beko			Trabzonspor		
Türkiye	17.04.2026	Galatasaray MCT Technic			Anadolu Efes		
Türkiye	17.04.2026	Mersin Spor			Bursaspor Basketbol		
Türkiye	17.04.2026	ONVO Büyükçekmece Basketbol			Esenler Erokspor		
Türkiye	17.04.2026	Tofaş			Beşiktaş Gain		
Türkiye	17.04.2026	Türk Telekom			Yukatel Merkezefendi Bld.		
Türkiye	24.04.2026	Anadolu Efes			Türk Telekom		
Türkiye	24.04.2026	Bahçeşehir Koleji			Tofaş		
Türkiye	24.04.2026	Beşiktaş Gain			Aliağa Petkim Spor		
Türkiye	24.04.2026	Bursaspor Basketbol			ONVO Büyükçekmece Basketbol		
Türkiye	24.04.2026	Glint Manisa Basket			Fenerbahçe Beko		
Türkiye	24.04.2026	Karşıyaka			Esenler Erokspor		
Türkiye	24.04.2026	Trabzonspor			Galatasaray MCT Technic		
Türkiye	24.04.2026	Yukatel Merkezefendi Bld.			Mersin Spor		
Türkiye	01.05.2026	Aliağa Petkim Spor			Bahçeşehir Koleji		
Türkiye	01.05.2026	Esenler Erokspor			Bursaspor Basketbol		
Türkiye	01.05.2026	Fenerbahçe Beko			Beşiktaş Gain		
Türkiye	01.05.2026	Galatasaray MCT Technic			Glint Manisa Basket		
Türkiye	01.05.2026	Mersin Spor			Anadolu Efes		
Türkiye	01.05.2026	ONVO Büyükçekmece Basketbol			Yukatel Merkezefendi Bld.		
Türkiye	01.05.2026	Tofaş			Karşıyaka		
Türkiye	01.05.2026	Türk Telekom			Trabzonspor		
Türkiye	08.05.2026	Anadolu Efes			ONVO Büyükçekmece Basketbol		
Türkiye	08.05.2026	Bahçeşehir Koleji			Fenerbahçe Beko		
Türkiye	08.05.2026	Beşiktaş Gain			Galatasaray MCT Technic		
Türkiye	08.05.2026	Glint Manisa Basket			Türk Telekom		
Türkiye	08.05.2026	Karşıyaka			Bursaspor Basketbol		
Türkiye	08.05.2026	Tofaş			Aliağa Petkim Spor		
Türkiye	08.05.2026	Trabzonspor			Mersin Spor		
Türkiye	08.05.2026	Yukatel Merkezefendi Bld.			Esenler Erokspor		
İspanya	04.10.2025	Unicaja Malaga	86	68	Bilbao Basket	46	34
İspanya	04.10.2025	San Pablo Burgos	97	79	Club Basquet Girona	49	41
İspanya	04.10.2025	Tenerife	104	93	Basquet Manresa	48	40
İspanya	04.10.2025	Força Lleida	87	68	CB Breogan	45	30
İspanya	05.10.2025	Granada	75	87	Joventut Badalona	32	34
İspanya	05.10.2025	Real Madrid	81	71	Gran Canaria	44	33
İspanya	05.10.2025	Basket Zaragoza	107	88	Baskonia Vitoria-Gasteiz	48	34
İspanya	05.10.2025	UCAM Murcia	95	64	MoraBanc Andorra	48	29
İspanya	5.10.2025	Valencia Basket	93	81	Barcelona	46	33
İspanya	11.10.2025	Club Basquet Girona	71	93	UCAM Murcia	30	36
İspanya	11.10.2025	MoraBanc Andorra	64	96	Tenerife	24	46
İspanya	11.10.2025	Gran Canaria	72	81	Unicaja Malaga	41	27
İspanya	11.10.2025	Basquet Manresa	83	68	Granada	41	24
İspanya	12.10.2025	Joventut Badalona	89	86	Basket Zaragoza	50	48
İspanya	12.10.2025	Barcelona	86	91	Força Lleida	43	48
İspanya	12.10.2025	CB Breogan	90	113	Valencia Basket	47	54
İspanya	12.10.2025	Bilbao Basket	95	85	San Pablo Burgos	54	35
İspanya	12.10.2025	Baskonia Vitoria-Gasteiz	105	100	Real Madrid	49	58
İspanya	25.10.2025	Força Lleida	99	90	Granada	46	42
İspanya	25.10.2025	Barcelona	100	85	CB Breogan	44	41
İspanya	25.10.2025	Tenerife	95	79	Unicaja Malaga	47	36
İspanya	25.10.2025	San Pablo Burgos	89	102	Basket Zaragoza	44	50
İspanya	26.10.2025	Club Basquet Girona	85	81	Gran Canaria	47	43
İspanya	26.10.2025	UCAM Murcia	89	84	Baskonia Vitoria-Gasteiz	50	38
İspanya	26.10.2025	Bilbao Basket	81	71	MoraBanc Andorra	46	32
İspanya	26.10.2025	Valencia Basket	102	90	Joventut Badalona	44	44
İspanya	26.10.2025	Real Madrid	87	75	Basquet Manresa	42	35
İspanya	01.11.2025	Basquet Manresa	79	77	Bilbao Basket	39	30
İspanya	01.11.2025	Unicaja Malaga	95	71	Club Basquet Girona	46	39
İspanya	01.11.2025	Gran Canaria	102	85	MoraBanc Andorra	55	42
İspanya	01.11.2025	CB Breogan	95	74	Granada	51	36
İspanya	02.11.2025	Joventut Badalona	82	68	Força Lleida	41	41
İspanya	02.11.2025	Basket Zaragoza	83	95	Real Madrid	45	48
İspanya	02.11.2025	Barcelona	78	81	UCAM Murcia	42	56
İspanya	02.11.2025	Valencia Basket	100	82	San Pablo Burgos	55	35
İspanya	2.11.2025	Baskonia Vitoria-Gasteiz	89	79	Tenerife	29	40
İspanya	08.11.2025	UCAM Murcia	84	65	Basquet Manresa	44	32
İspanya	08.11.2025	CB Breogan	81	92	Gran Canaria	37	49
İspanya	08.11.2025	Tenerife	101	97	San Pablo Burgos	52	48
İspanya	08.11.2025	MoraBanc Andorra	98	74	Unicaja Malaga	57	41
İspanya	09.11.2025	Força Lleida	86	80	Baskonia Vitoria-Gasteiz	49	28
İspanya	09.11.2025	Club Basquet Girona	96	78	Barcelona	47	33
İspanya	09.11.2025	Granada	85	79	Valencia Basket	43	36
İspanya	09.11.2025	Bilbao Basket	106	75	Basket Zaragoza	50	34
İspanya	9.11.2025	Joventut Badalona	75	80	Real Madrid	35	37
İspanya	15.11.2025	Club Basquet Girona	82	76	Granada	36	43
İspanya	15.11.2025	Basket Zaragoza	79	86	Unicaja Malaga	36	45
İspanya	15.11.2025	Gran Canaria	78	92	Joventut Badalona	33	49
İspanya	15.11.2025	San Pablo Burgos	86	93	MoraBanc Andorra	44	42
İspanya	16.11.2025	Basquet Manresa	99	86	Força Lleida	44	50
İspanya	16.11.2025	Valencia Basket	96	79	Tenerife	42	43
İspanya	16.11.2025	Real Madrid	82	70	Bilbao Basket	39	43
İspanya	16.11.2025	UCAM Murcia	83	96	CB Breogan	38	48
İspanya	16.11.2025	Barcelona	91	83	Baskonia Vitoria-Gasteiz	39	43
İspanya	22.11.2025	Força Lleida	71	107	UCAM Murcia	30	54
İspanya	22.11.2025	Granada	100	111	Real Madrid	48	56
İspanya	22.11.2025	Unicaja Malaga	105	82	Basquet Manresa	48	36
İspanya	22.11.2025	CB Breogan	105	78	San Pablo Burgos	57	38
İspanya	23.11.2025	MoraBanc Andorra	76	83	Joventut Badalona	34	49
İspanya	23.11.2025	Baskonia Vitoria-Gasteiz	110	92	Bilbao Basket	71	46
İspanya	23.11.2025	Valencia Basket	98	72	Club Basquet Girona	47	31
İspanya	23.11.2025	Basket Zaragoza	76	84	Tenerife	37	44
İspanya	23.11.2025	Gran Canaria	61	72	Barcelona	29	32
İspanya	06.12.2025	San Pablo Burgos	88	110	UCAM Murcia	46	58
İspanya	06.12.2025	Força Lleida	88	89	Unicaja Malaga	37	51
İspanya	06.12.2025	Granada	83	92	Basket Zaragoza	32	48
İspanya	06.12.2025	Club Basquet Girona	103	80	CB Breogan	60	30
İspanya	07.12.2025	Joventut Badalona	83	79	Basquet Manresa	29	39
İspanya	07.12.2025	Tenerife	70	71	Real Madrid	25	33
İspanya	07.12.2025	Barcelona	102	71	MoraBanc Andorra	38	30
İspanya	07.12.2025	Bilbao Basket	79	72	Gran Canaria	34	34
İspanya	7.12.2025	Baskonia Vitoria-Gasteiz	89	91	Valencia Basket	44	39
İspanya	13.12.2025	Unicaja Malaga	99	91	San Pablo Burgos	41	43
İspanya	13.12.2025	CB Breogan	96	108	Tenerife	51	59
İspanya	13.12.2025	MoraBanc Andorra	86	81	Granada	42	47
İspanya	14.12.2025	Bilbao Basket	93	75	Força Lleida	32	31
İspanya	14.12.2025	UCAM Murcia	80	77	Joventut Badalona	32	38
İspanya	14.12.2025	Real Madrid	112	76	Club Basquet Girona	59	49
İspanya	14.12.2025	Basquet Manresa	62	89	Barcelona	37	50
İspanya	20.12.2025	Club Basquet Girona			Tenerife		
İspanya	20.12.2025	Força Lleida			Real Madrid		
İspanya	20.12.2025	Gran Canaria			Granada		
İspanya	20.12.2025	San Pablo Burgos			Basquet Manresa		
İspanya	21.12.2025	CB Breogan			Bilbao Basket		
İspanya	21.12.2025	Barcelona			Joventut Badalona		
İspanya	21.12.2025	UCAM Murcia			Valencia Basket		
İspanya	21.12.2025	Basket Zaragoza			MoraBanc Andorra		
İspanya	21.12.2025	Unicaja Malaga			Baskonia Vitoria-Gasteiz		
İspanya	27.12.2025	Baskonia Vitoria-Gasteiz			San Pablo Burgos		
İspanya	27.12.2025	Basket Zaragoza			Basquet Manresa		
İspanya	27.12.2025	Granada			UCAM Murcia		
İspanya	27.12.2025	Joventut Badalona			CB Breogan		
İspanya	28.12.2025	Club Basquet Girona			Força Lleida		
İspanya	28.12.2025	Tenerife			Gran Canaria		
İspanya	28.12.2025	Bilbao Basket			Barcelona		
İspanya	28.12.2025	Valencia Basket			MoraBanc Andorra		
İspanya	28.12.2025	Real Madrid			Unicaja Malaga		
İspanya	29.12.2025	CB Breogan			Baskonia Vitoria-Gasteiz		
İspanya	30.12.2025	San Pablo Burgos			Gran Canaria		
İspanya	30.12.2025	Unicaja Malaga			Joventut Badalona		
İspanya	30.12.2025	Tenerife			Granada		
İspanya	30.12.2025	UCAM Murcia			Real Madrid		
İspanya	02.01.2026	Bilbao Basket			Valencia Basket		
İspanya	02.01.2026	Basquet Manresa			Club Basquet Girona		
İspanya	02.01.2026	MoraBanc Andorra			Força Lleida		
İspanya	2.1.2026	Barcelona			Basket Zaragoza		
İspanya	03.01.2026	CB Breogan			Unicaja Malaga		
İspanya	03.01.2026	Granada			San Pablo Burgos		
İspanya	03.01.2026	Gran Canaria			UCAM Murcia		
İspanya	03.01.2026	Joventut Badalona			Tenerife		
İspanya	04.01.2026	Real Madrid			Barcelona		
İspanya	04.01.2026	Baskonia Vitoria-Gasteiz			MoraBanc Andorra		
İspanya	04.01.2026	Força Lleida			Basket Zaragoza		
İspanya	04.01.2026	Club Basquet Girona			Bilbao Basket		
İspanya	4.1.2026	Valencia Basket			Basquet Manresa		
İspanya	10.01.2026	Basket Zaragoza			Gran Canaria		
İspanya	10.01.2026	Bilbao Basket			UCAM Murcia		
İspanya	10.01.2026	Tenerife			Força Lleida		
İspanya	10.01.2026	Basquet Manresa			CB Breogan		
İspanya	11.01.2026	San Pablo Burgos			Joventut Badalona		
İspanya	11.01.2026	Valencia Basket			Unicaja Malaga		
İspanya	11.01.2026	Barcelona			Granada		
İspanya	11.01.2026	Club Basquet Girona			Baskonia Vitoria-Gasteiz		
İspanya	11.1.2026	MoraBanc Andorra			Real Madrid		
İspanya	17.01.2026	Unicaja Malaga			Granada		
İspanya	17.01.2026	MoraBanc Andorra			CB Breogan		
İspanya	17.01.2026	Gran Canaria			Força Lleida		
İspanya	17.01.2026	Bilbao Basket			Tenerife		
İspanya	18.01.2026	San Pablo Burgos			Barcelona		
İspanya	18.01.2026	Joventut Badalona			Club Basquet Girona		
İspanya	18.01.2026	Baskonia Vitoria-Gasteiz			Basquet Manresa		
İspanya	18.01.2026	UCAM Murcia			Basket Zaragoza		
İspanya	18.1.2026	Real Madrid			Valencia Basket		
İspanya	24.01.2026	Basket Zaragoza			Club Basquet Girona		
İspanya	24.01.2026	CB Breogan			Real Madrid		
İspanya	24.01.2026	Força Lleida			San Pablo Burgos		
İspanya	24.01.2026	Granada			Bilbao Basket		
İspanya	25.01.2026	Basquet Manresa			MoraBanc Andorra		
İspanya	25.01.2026	Gran Canaria			Valencia Basket		
İspanya	25.01.2026	Baskonia Vitoria-Gasteiz			Joventut Badalona		
İspanya	25.01.2026	Unicaja Malaga			UCAM Murcia		
İspanya	25.1.2026	Barcelona			Tenerife		
İspanya	01.01.2026	Granada			CB Breogan		
İspanya	01.01.2026	MoraBanc Andorra			Gran Canaria		
İspanya	01.01.2026	Bilbao Basket			Joventut Badalona		
İspanya	01.01.2026	Club Basquet Girona			San Pablo Burgos		
İspanya	01.02.2026	Basquet Manresa			Unicaja Malaga		
İspanya	01.02.2026	Real Madrid			Basket Zaragoza		
İspanya	01.02.2026	Valencia Basket			Força Lleida		
İspanya	01.02.2026	Tenerife			Baskonia Vitoria-Gasteiz		
İspanya	1.2.2026	UCAM Murcia			Barcelona		
İspanya	07.02.2026	San Pablo Burgos			Tenerife		
İspanya	07.02.2026	Unicaja Malaga			MoraBanc Andorra		
İspanya	07.02.2026	Gran Canaria			Bilbao Basket		
İspanya	07.02.2026	CB Breogan			UCAM Murcia		
İspanya	08.02.2026	Força Lleida			Basquet Manresa		
İspanya	08.02.2026	Joventut Badalona			Valencia Basket		
İspanya	08.02.2026	Real Madrid			Granada		
İspanya	08.02.2026	Baskonia Vitoria-Gasteiz			Basket Zaragoza		
İspanya	8.2.2026	Barcelona			Club Basquet Girona		
İspanya	14.02.2026	Basket Zaragoza			Joventut Badalona		
İspanya	14.02.2026	Granada			Gran Canaria		
İspanya	14.02.2026	Tenerife			CB Breogan		
İspanya	14.02.2026	UCAM Murcia			San Pablo Burgos		
İspanya	15.02.2026	Força Lleida			Club Basquet Girona		
İspanya	15.02.2026	MoraBanc Andorra			Valencia Basket		
İspanya	15.02.2026	Barcelona			Basquet Manresa		
İspanya	15.02.2026	Bilbao Basket			Baskonia Vitoria-Gasteiz		
İspanya	15.2.2026	Unicaja Malaga			Real Madrid		
İspanya	07.03.2026	Basquet Manresa			Tenerife		
İspanya	07.03.2026	MoraBanc Andorra			Basket Zaragoza		
İspanya	07.03.2026	San Pablo Burgos			Bilbao Basket		
İspanya	07.03.2026	Club Basquet Girona			Unicaja Malaga		
İspanya	08.03.2026	CB Breogan			Barcelona		
İspanya	08.03.2026	Valencia Basket			UCAM Murcia		
İspanya	08.03.2026	Joventut Badalona			Granada		
İspanya	08.03.2026	Baskonia Vitoria-Gasteiz			Força Lleida		
İspanya	8.3.2026	Gran Canaria			Real Madrid		
İspanya	14.03.2026	Unicaja Malaga			Basket Zaragoza		
İspanya	14.03.2026	UCAM Murcia			Gran Canaria		
İspanya	14.03.2026	Tenerife			Valencia Basket		
İspanya	14.03.2026	Bilbao Basket			CB Breogan		
İspanya	15.03.2026	Club Basquet Girona			MoraBanc Andorra		
İspanya	15.03.2026	San Pablo Burgos			Baskonia Vitoria-Gasteiz		
İspanya	15.03.2026	Real Madrid			Força Lleida		
İspanya	15.03.2026	Granada			Basquet Manresa		
İspanya	15.3.2026	Joventut Badalona			Barcelona		
İspanya	21.03.2026	Basquet Manresa			UCAM Murcia		
İspanya	21.03.2026	MoraBanc Andorra			Bilbao Basket		
İspanya	21.03.2026	Unicaja Malaga			Tenerife		
İspanya	21.03.2026	Basket Zaragoza			San Pablo Burgos		
İspanya	22.03.2026	Força Lleida			Joventut Badalona		
İspanya	22.03.2026	Gran Canaria			CB Breogan		
İspanya	22.03.2026	Baskonia Vitoria-Gasteiz			Club Basquet Girona		
İspanya	22.03.2026	Valencia Basket			Granada		
İspanya	22.3.2026	Barcelona			Real Madrid		
İspanya	28.03.2026	CB Breogan			Basquet Manresa		
İspanya	28.03.2026	UCAM Murcia			Bilbao Basket		
İspanya	28.03.2026	Granada			Força Lleida		
İspanya	28.03.2026	Club Basquet Girona			Real Madrid		
İspanya	29.03.2026	Joventut Badalona			Gran Canaria		
İspanya	29.03.2026	Tenerife			Basket Zaragoza		
İspanya	29.03.2026	MoraBanc Andorra			Baskonia Vitoria-Gasteiz		
İspanya	29.03.2026	San Pablo Burgos			Valencia Basket		
İspanya	29.3.2026	Barcelona			Unicaja Malaga		
İspanya	04.04.2026	Bilbao Basket			Unicaja Malaga		
İspanya	04.04.2026	Granada			Club Basquet Girona		
İspanya	04.04.2026	Gran Canaria			San Pablo Burgos		
İspanya	04.04.2026	Joventut Badalona			UCAM Murcia		
İspanya	05.04.2026	Basquet Manresa			Baskonia Vitoria-Gasteiz		
İspanya	05.04.2026	Força Lleida			Tenerife		
İspanya	05.04.2026	Real Madrid			MoraBanc Andorra		
İspanya	05.04.2026	Valencia Basket			CB Breogan		
İspanya	5.4.2026	Basket Zaragoza			Barcelona		
İspanya	11.04.2026	Basket Zaragoza			Força Lleida		
İspanya	11.04.2026	CB Breogan			MoraBanc Andorra		
İspanya	11.04.2026	Tenerife			Club Basquet Girona		
İspanya	11.04.2026	UCAM Murcia			Granada		
İspanya	12.04.2026	Basquet Manresa			Joventut Badalona		
İspanya	12.04.2026	Unicaja Malaga			Valencia Basket		
İspanya	12.04.2026	Barcelona			Bilbao Basket		
İspanya	12.04.2026	Baskonia Vitoria-Gasteiz			Gran Canaria		
İspanya	12.4.2026	San Pablo Burgos			Real Madrid		
İspanya	18.04.2026	Joventut Badalona			Baskonia Vitoria-Gasteiz		
İspanya	18.04.2026	MoraBanc Andorra			UCAM Murcia		
İspanya	18.04.2026	Gran Canaria			Basket Zaragoza		
İspanya	18.04.2026	Bilbao Basket			Basquet Manresa		
İspanya	19.04.2026	Força Lleida			Barcelona		
İspanya	19.04.2026	Granada			Unicaja Malaga		
İspanya	19.04.2026	San Pablo Burgos			CB Breogan		
İspanya	19.04.2026	Club Basquet Girona			Valencia Basket		
İspanya	25.04.2026	Basquet Manresa			San Pablo Burgos		
İspanya	25.04.2026	Unicaja Malaga			Força Lleida		
İspanya	25.04.2026	Gran Canaria			Club Basquet Girona		
İspanya	25.04.2026	UCAM Murcia			Tenerife		
İspanya	26.04.2026	CB Breogan			Joventut Badalona		
İspanya	26.04.2026	Baskonia Vitoria-Gasteiz			Barcelona		
İspanya	26.04.2026	Basket Zaragoza			Bilbao Basket		
İspanya	26.04.2026	Granada			MoraBanc Andorra		
İspanya	26.4.2026	Valencia Basket			Real Madrid		
İspanya	02.05.2026	Joventut Badalona			Unicaja Malaga		
İspanya	02.05.2026	Club Basquet Girona			Basket Zaragoza		
İspanya	02.05.2026	Tenerife			MoraBanc Andorra		
İspanya	02.05.2026	Baskonia Vitoria-Gasteiz			CB Breogan		
İspanya	03.05.2026	Basquet Manresa			Valencia Basket		
İspanya	03.05.2026	Bilbao Basket			Granada		
İspanya	03.05.2026	Real Madrid			UCAM Murcia		
İspanya	03.05.2026	San Pablo Burgos			Força Lleida		
İspanya	3.5.2026	Barcelona			Gran Canaria		
İspanya	09.05.2026	UCAM Murcia			Club Basquet Girona		
İspanya	09.05.2026	Barcelona			San Pablo Burgos		
İspanya	09.05.2026	Tenerife			Joventut Badalona		
İspanya	09.05.2026	Basket Zaragoza			Granada		
İspanya	10.05.2026	Força Lleida			Bilbao Basket		
İspanya	10.05.2026	MoraBanc Andorra			Basquet Manresa		
İspanya	10.05.2026	Real Madrid			CB Breogan		
İspanya	10.05.2026	Unicaja Malaga			Gran Canaria		
İspanya	10.5.2026	Valencia Basket			Baskonia Vitoria-Gasteiz		
İspanya	13.05.2026	Club Basquet Girona			Basquet Manresa		
İspanya	13.05.2026	Basket Zaragoza			Valencia Basket		
İspanya	13.05.2026	CB Breogan			Força Lleida		
İspanya	13.05.2026	Granada			Barcelona		
İspanya	14.05.2026	San Pablo Burgos			Unicaja Malaga		
İspanya	14.05.2026	Bilbao Basket			Real Madrid		
İspanya	14.05.2026	Joventut Badalona			MoraBanc Andorra		
İspanya	14.05.2026	Baskonia Vitoria-Gasteiz			UCAM Murcia		
İspanya	14.5.2026	Gran Canaria			Tenerife		
İspanya	16.05.2026	CB Breogan			Club Basquet Girona		
İspanya	16.05.2026	Basquet Manresa			Basket Zaragoza		
İspanya	17.05.2026	Força Lleida			Gran Canaria		
İspanya	17.05.2026	UCAM Murcia			Unicaja Malaga		
İspanya	17.05.2026	Real Madrid			Joventut Badalona		
İspanya	17.05.2026	Valencia Basket			Bilbao Basket		
İspanya	17.05.2026	Baskonia Vitoria-Gasteiz			Granada		
İspanya	17.05.2026	MoraBanc Andorra			San Pablo Burgos		
İspanya	17.5.2062	Tenerife			Barcelona		
İspanya	23.05.2026	Unicaja Malaga			CB Breogan		
İspanya	23.05.2026	Barcelona			Valencia Basket		
İspanya	23.05.2026	Gran Canaria			Basquet Manresa		
İspanya	23.05.2026	Granada			Tenerife		
İspanya	24.05.2026	Bilbao Basket			Club Basquet Girona		
İspanya	24.05.2026	Força Lleida			MoraBanc Andorra		
İspanya	24.05.2026	Basket Zaragoza			UCAM Murcia		
İspanya	24.05.2026	Joventut Badalona			San Pablo Burgos		
İspanya	24.5.2026	Real Madrid			Baskonia Vitoria-Gasteiz		
İspanya	29.05.2026	Baskonia Vitoria-Gasteiz			Unicaja Malaga		
İspanya	29.05.2026	Basquet Manresa			Real Madrid		
İspanya	29.05.2026	CB Breogan			Basket Zaragoza		
İspanya	29.05.2026	Club Basquet Girona			Joventut Badalona		
İspanya	29.05.2026	MoraBanc Andorra			Barcelona		
İspanya	29.05.2026	San Pablo Burgos			Granada		
İspanya	29.05.2026	Tenerife			Bilbao Basket		
İspanya	29.05.2026	UCAM Murcia			Força Lleida		
İspanya	29.5.2026	Valencia Basket			Gran Canaria		
Fransa	26.09.2025	JDA Dijon Basket	89	91	Le Mans	46	41
Fransa	27.09.2025	Boulazac Basket	94	76	Saint Quentin	51	38
Fransa	27.09.2025	Cholet Basket	92	74	Strasbourg IG	51	47
Fransa	27.09.2025	CSP Limoges	96	84	JL Bourg Basket	43	43
Fransa	27.09.2025	Gravelines Dunkerque	66	109	Paris Basketball	33	57
Fransa	28.09.2025	ESSM Le Portel	63	84	AS Monaco	29	38
Fransa	28.09.2025	Asvel Lyon-Villeurbanne	115	71	Nancy Basket	58	26
Fransa	30.09.2025	Elan Chalon	78	86	Nanterre 92	34	40
Fransa	03.10.2025	Cholet Basket	92	81	Boulazac Basket	40	33
Fransa	04.10.2025	CSP Limoges	80	76	JDA Dijon Basket	48	42
Fransa	04.10.2025	Nanterre 92	101	79	Gravelines Dunkerque	45	41
Fransa	04.10.2025	Strasbourg IG	80	75	ESSM Le Portel	38	35
Fransa	04.10.2025	Nancy Basket	80	88	JL Bourg Basket	46	40
Fransa	05.10.2025	AS Monaco	99	104	Elan Chalon	41	51
Fransa	05.10.2025	Saint Quentin	76	81	Asvel Lyon-Villeurbanne	38	35
Fransa	06.10.2025	Le Mans	95	89	Paris Basketball	46	45
Fransa	10.10.2025	Nanterre 92	91	89	CSP Limoges	43	43
Fransa	11.10.2025	JL Bourg Basket	109	79	ESSM Le Portel	58	42
Fransa	11.10.2025	Elan Chalon	84	82	Saint Quentin	39	41
Fransa	11.10.2025	Boulazac Basket	65	87	Nancy Basket	29	48
Fransa	11.10.2025	JDA Dijon Basket	76	64	Cholet Basket	51	33
Fransa	11.10.2025	Asvel Lyon-Villeurbanne	91	66	Le Mans	47	30
Fransa	12.10.2025	Gravelines Dunkerque	81	87	Strasbourg IG	49	43
Fransa	12.10.2025	Paris Basketball	94	99	AS Monaco	45	55
Fransa	17.10.2025	Saint Quentin	86	74	Gravelines Dunkerque	43	40
Fransa	18.10.2025	Strasbourg IG	84	74	Nanterre 92	44	41
Fransa	18.10.2025	ESSM Le Portel	68	75	Boulazac Basket	26	38
Fransa	18.10.2025	Nancy Basket	117	85	CSP Limoges	62	46
Fransa	18.10.2025	Cholet Basket	98	79	Elan Chalon	38	35
Fransa	18.10.2025	Le Mans	84	82	JL Bourg Basket	38	51
Fransa	19.10.2025	Paris Basketball	97	92	JDA Dijon Basket	40	49
Fransa	19.10.2025	Asvel Lyon-Villeurbanne	98	102	AS Monaco	54	41
Fransa	24.10.2025	CSP Limoges	80	62	Saint Quentin	45	37
Fransa	25.10.2025	Le Mans	107	68	ESSM Le Portel	60	40
Fransa	25.10.2025	Gravelines Dunkerque	107	79	Nancy Basket	58	39
Fransa	25.10.2025	JDA Dijon Basket	95	89	Strasbourg IG	40	43
Fransa	25.10.2025	JL Bourg Basket	87	93	Cholet Basket	40	53
Fransa	25.10.2025	Nanterre 92	73	76	Asvel Lyon-Villeurbanne	43	35
Fransa	26.10.2025	AS Monaco	92	85	Boulazac Basket	44	46
Fransa	26.10.2025	Elan Chalon	67	107	Paris Basketball	27	58
Fransa	28.10.2025	CSP Limoges	74	79	ESSM Le Portel	39	39
Fransa	31.10.2025	Saint Quentin	65	89	Nanterre 92	39	47
Fransa	01.11.2025	JL Bourg Basket	101	81	JDA Dijon Basket	53	34
Fransa	01.11.2025	Strasbourg IG	86	82	Nancy Basket	47	43
Fransa	01.11.2025	ESSM Le Portel	87	92	Gravelines Dunkerque	54	54
Fransa	01.11.2025	Cholet Basket	80	84	Le Mans	48	41
Fransa	01.11.2025	Asvel Lyon-Villeurbanne	85	86	Elan Chalon	43	48
Fransa	02.11.2025	Boulazac Basket	73	94	Paris Basketball	45	49
Fransa	02.11.2025	CSP Limoges	77	94	AS Monaco	28	56
Fransa	07.11.2025	Nancy Basket	91	87	Cholet Basket	46	43
Fransa	08.11.2025	Le Mans	72	84	Strasbourg IG	32	47
Fransa	08.11.2025	Boulazac Basket	68	82	JL Bourg Basket	43	46
Fransa	08.11.2025	Nanterre 92	81	74	ESSM Le Portel	45	39
Fransa	08.11.2025	Elan Chalon	90	74	JDA Dijon Basket	45	40
Fransa	08.11.2025	Gravelines Dunkerque	62	83	Asvel Lyon-Villeurbanne	34	36
Fransa	09.11.2025	AS Monaco	92	84	Saint Quentin	48	37
Fransa	09.11.2025	Paris Basketball	115	93	CSP Limoges	62	56
Fransa	11.11.2025	Boulazac Basket	97	67	Gravelines Dunkerque	56	37
Fransa	14.11.2025	Cholet Basket	76	78	Nanterre 92	47	32
Fransa	15.11.2025	Saint Quentin	72	84	Nancy Basket	38	43
Fransa	15.11.2025	JDA Dijon Basket	109	83	Gravelines Dunkerque	52	39
Fransa	15.11.2025	ESSM Le Portel	78	87	Elan Chalon	47	46
Fransa	15.11.2025	Strasbourg IG	86	82	Boulazac Basket	36	44
Fransa	15.11.2025	JL Bourg Basket	75	91	Paris Basketball	33	43
Fransa	16.11.2025	CSP Limoges	65	81	Asvel Lyon-Villeurbanne	35	35
Fransa	16.11.2025	Le Mans	84	93	AS Monaco	48	51
Fransa	22.11.2025	Nanterre 92	85	78	Boulazac Basket	39	38
Fransa	22.11.2025	Nancy Basket	76	78	Le Mans	36	46
Fransa	22.11.2025	Elan Chalon	69	75	Strasbourg IG	38	37
Fransa	22.11.2025	Saint Quentin	77	68	Cholet Basket	34	26
Fransa	22.11.2025	Asvel Lyon-Villeurbanne	85	80	JDA Dijon Basket	46	41
Fransa	23.11.2025	AS Monaco	89	91	JL Bourg Basket	52	44
Fransa	28.10.2025	CSP Limoges	74	79	ESSM Le Portel	39	39
Fransa	12.12.2025	Nanterre 92	98	88	Le Mans	50	42
Fransa	13.12.2025	Elan Chalon	90	74	Boulazac Basket	44	27
Fransa	13.12.2025	Saint Quentin	77	83	JDA Dijon Basket	49	37
Fransa	13.12.2025	Nancy Basket	97	90	Paris Basketball	47	41
Fransa	14.12.2025	AS Monaco	88	74	Strasbourg IG	51	37
Fransa	14.12.2025	Gravelines Dunkerque	75	84	JL Bourg Basket	48	46
Fransa	14.12.2025	Asvel Lyon-Villeurbanne	85	87	Cholet Basket	47	46
Fransa	06.12.2025	Strasbourg IG			Asvel Lyon-Villeurbanne		
Fransa	12.12.2025	Nanterre 92			Le Mans		
Fransa	13.12.2025	Elan Chalon			Boulazac Basket		
Fransa	13.12.2025	Saint Quentin			JDA Dijon Basket		
Fransa	13.12.2025	Nancy Basket			Paris Basketball		
Fransa	14.12.2025	AS Monaco			Strasbourg IG		
Fransa	14.12.2025	Gravelines Dunkerque			JL Bourg Basket		
Fransa	14.12.2025	Asvel Lyon-Villeurbanne			Cholet Basket		
Fransa	20.12.2025	AS Monaco			Nanterre 92		
Fransa	20.12.2025	Boulazac Basket			CSP Limoges		
Fransa	20.12.2025	ESSM Le Portel			Asvel Lyon-Villeurbanne		
Fransa	20.12.2025	JDA Dijon Basket			Nancy Basket		
Fransa	20.12.2025	JL Bourg Basket			Elan Chalon		
Fransa	20.12.2025	Le Mans			Gravelines Dunkerque		
Fransa	20.12.2025	Paris Basketball			Cholet Basket		
Fransa	20.12.2025	Strasbourg IG			Saint Quentin		
Fransa	23.12.2025	Asvel Lyon-Villeurbanne			Boulazac Basket		
Fransa	23.12.2025	Cholet Basket			AS Monaco		
Fransa	23.12.2025	CSP Limoges			Le Mans		
Fransa	23.12.2025	Gravelines Dunkerque			Elan Chalon		
Fransa	23.12.2025	JDA Dijon Basket			ESSM Le Portel		
Fransa	23.12.2025	Nancy Basket			Nanterre 92		
Fransa	23.12.2025	Paris Basketball			Strasbourg IG		
Fransa	23.12.2025	Saint Quentin			JL Bourg Basket		
Fransa	26.12.2025	AS Monaco			Gravelines Dunkerque		
Fransa	26.12.2025	Boulazac Basket			JDA Dijon Basket		
Fransa	26.12.2025	Elan Chalon			Nanterre 92		
Fransa	26.12.2025	ESSM Le Portel			Cholet Basket		
Fransa	26.12.2025	JL Bourg Basket			Asvel Lyon-Villeurbanne		
Fransa	26.12.2025	Le Mans			Saint Quentin		
Fransa	26.12.2025	Nanterre 92			Paris Basketball		
Fransa	26.12.2025	Strasbourg IG			CSP Limoges		
Fransa	10.01.2026	Asvel Lyon-Villeurbanne			Paris Basketball		
Fransa	10.01.2026	Boulazac Basket			Le Mans		
Fransa	10.01.2026	CSP Limoges			Elan Chalon		
Fransa	10.01.2026	Gravelines Dunkerque			Cholet Basket		
Fransa	10.01.2026	JDA Dijon Basket			Nanterre 92		
Fransa	10.01.2026	JL Bourg Basket			Strasbourg IG		
Fransa	10.01.2026	Nancy Basket			AS Monaco		
Fransa	10.01.2026	Saint Quentin			ESSM Le Portel		
Fransa	17.01.2026	AS Monaco			CSP Limoges		
Fransa	17.01.2026	Asvel Lyon-Villeurbanne			ESSM Le Portel		
Fransa	17.01.2026	Cholet Basket			Saint Quentin		
Fransa	17.01.2026	JDA Dijon Basket			Elan Chalon		
Fransa	17.01.2026	Nancy Basket			Boulazac Basket		
Fransa	17.01.2026	Nanterre 92			JL Bourg Basket		
Fransa	17.01.2026	Paris Basketball			Le Mans		
Fransa	17.01.2026	Strasbourg IG			Gravelines Dunkerque		
Fransa	24.01.2026	Boulazac Basket			Nanterre 92		
Fransa	24.01.2026	CSP Limoges			Strasbourg IG		
Fransa	24.01.2026	Elan Chalon			Cholet Basket		
Fransa	24.01.2026	ESSM Le Portel			Paris Basketball		
Fransa	24.01.2026	Gravelines Dunkerque			JDA Dijon Basket		
Fransa	24.01.2026	JL Bourg Basket			Nancy Basket		
Fransa	24.01.2026	Le Mans			Asvel Lyon-Villeurbanne		
Fransa	24.01.2026	Saint Quentin			AS Monaco		
Fransa	01.01.2026	AS Monaco			ESSM Le Portel		
Fransa	01.01.2026	Cholet Basket			JL Bourg Basket		
Fransa	01.01.2026	JDA Dijon Basket			Asvel Lyon-Villeurbanne		
Fransa	01.01.2026	Nancy Basket			Gravelines Dunkerque		
Fransa	01.01.2026	Nanterre 92			Elan Chalon		
Fransa	01.01.2026	Paris Basketball			Boulazac Basket		
Fransa	01.01.2026	Saint Quentin			CSP Limoges		
Fransa	01.01.2026	Strasbourg IG			Le Mans		
Fransa	07.02.2026	Asvel Lyon-Villeurbanne			Nanterre 92		
Fransa	07.02.2026	CSP Limoges			Cholet Basket		
Fransa	07.02.2026	Elan Chalon			AS Monaco		
Fransa	07.02.2026	ESSM Le Portel			Strasbourg IG		
Fransa	07.02.2026	Gravelines Dunkerque			Saint Quentin		
Fransa	07.02.2026	JL Bourg Basket			Boulazac Basket		
Fransa	07.02.2026	Le Mans			JDA Dijon Basket		
Fransa	07.02.2026	Paris Basketball			Nancy Basket		
Fransa	14.02.2026	Boulazac Basket			ESSM Le Portel		
Fransa	14.02.2026	Cholet Basket			Gravelines Dunkerque		
Fransa	14.02.2026	Elan Chalon			Le Mans		
Fransa	14.02.2026	JDA Dijon Basket			CSP Limoges		
Fransa	14.02.2026	Nancy Basket			Asvel Lyon-Villeurbanne		
Fransa	14.02.2026	Nanterre 92			AS Monaco		
Fransa	14.02.2026	Saint Quentin			Paris Basketball		
Fransa	14.02.2026	Strasbourg IG			JL Bourg Basket		
Fransa	07.03.2026	AS Monaco			Cholet Basket		
Fransa	07.03.2026	Asvel Lyon-Villeurbanne			JL Bourg Basket		
Fransa	07.03.2026	CSP Limoges			Paris Basketball		
Fransa	07.03.2026	ESSM Le Portel			Saint Quentin		
Fransa	07.03.2026	Gravelines Dunkerque			Boulazac Basket		
Fransa	07.03.2026	Le Mans			Nanterre 92		
Fransa	07.03.2026	Nancy Basket			Elan Chalon		
Fransa	07.03.2026	Strasbourg IG			JDA Dijon Basket		
Fransa	14.03.2026	AS Monaco			Nancy Basket		
Fransa	14.03.2026	Boulazac Basket			Le Mans		
Fransa	14.03.2026	Cholet Basket			ESSM Le Portel		
Fransa	14.03.2026	Elan Chalon			CSP Limoges		
Fransa	14.03.2026	JDA Dijon Basket			Saint Quentin		
Fransa	14.03.2026	JL Bourg Basket			Le Mans		
Fransa	14.03.2026	Nanterre 92			Strasbourg IG		
Fransa	14.03.2026	Paris Basketball			Gravelines Dunkerque		
Fransa	21.03.2026	Asvel Lyon-Villeurbanne			CSP Limoges		
Fransa	21.03.2026	ESSM Le Portel			Nanterre 92		
Fransa	21.03.2026	Gravelines Dunkerque			AS Monaco		
Fransa	21.03.2026	Le Mans			Boulazac Basket		
Fransa	21.03.2026	Nancy Basket			JDA Dijon Basket		
Fransa	21.03.2026	Paris Basketball			JL Bourg Basket		
Fransa	21.03.2026	Saint Quentin			Elan Chalon		
Fransa	21.03.2026	Strasbourg IG			Cholet Basket		
Fransa	28.03.2026	AS Monaco			Le Mans		
Fransa	28.03.2026	Boulazac Basket			Strasbourg IG		
Fransa	28.03.2026	Cholet Basket			Asvel Lyon-Villeurbanne		
Fransa	28.03.2026	CSP Limoges			Nancy Basket		
Fransa	28.03.2026	Elan Chalon			Gravelines Dunkerque		
Fransa	28.03.2026	ESSM Le Portel			JL Bourg Basket		
Fransa	28.03.2026	JDA Dijon Basket			Paris Basketball		
Fransa	28.03.2026	Nanterre 92			Saint Quentin		
Fransa	04.04.2026	AS Monaco			JDA Dijon Basket		
Fransa	04.04.2026	Elan Chalon			Asvel Lyon-Villeurbanne		
Fransa	04.04.2026	Gravelines Dunkerque			ESSM Le Portel		
Fransa	04.04.2026	JL Bourg Basket			CSP Limoges		
Fransa	04.04.2026	Le Mans			Cholet Basket		
Fransa	04.04.2026	Nancy Basket			Strasbourg IG		
Fransa	04.04.2026	Paris Basketball			Nanterre 92		
Fransa	04.04.2026	Saint Quentin			Boulazac Basket		
Fransa	11.04.2026	Asvel Lyon-Villeurbanne			Saint Quentin		
Fransa	11.04.2026	Boulazac Basket			Elan Chalon		
Fransa	11.04.2026	Cholet Basket			JDA Dijon Basket		
Fransa	11.04.2026	CSP Limoges			Le Mans		
Fransa	11.04.2026	CSP Limoges			Gravelines Dunkerque		
Fransa	11.04.2026	JL Bourg Basket			AS Monaco		
Fransa	11.04.2026	Nanterre 92			Nancy Basket		
Fransa	11.04.2026	Strasbourg IG			Paris Basketball		
Fransa	18.04.2026	AS Monaco			Asvel Lyon-Villeurbanne		
Fransa	18.04.2026	Cholet Basket			Paris Basketball		
Fransa	18.04.2026	CSP Limoges			Nanterre 92		
Fransa	18.04.2026	Elan Chalon			JL Bourg Basket		
Fransa	18.04.2026	Gravelines Dunkerque			Le Mans		
Fransa	18.04.2026	JDA Dijon Basket			Boulazac Basket		
Fransa	18.04.2026	Nancy Basket			ESSM Le Portel		
Fransa	18.04.2026	Saint Quentin			Strasbourg IG		
Fransa	02.05.2026	Asvel Lyon-Villeurbanne			Gravelines Dunkerque		
Fransa	02.05.2026	Boulazac Basket			Cholet Basket		
Fransa	02.05.2026	ESSM Le Portel			CSP Limoges		
Fransa	02.05.2026	JL Bourg Basket			Saint Quentin		
Fransa	02.05.2026	Le Mans			Nancy Basket		
Fransa	02.05.2026	Nanterre 92			JDA Dijon Basket		
Fransa	02.05.2026	Paris Basketball			Elan Chalon		
Fransa	02.05.2026	Strasbourg IG			AS Monaco		
Fransa	09.05.2026	AS Monaco			Paris Basketball		
Fransa	09.05.2026	Asvel Lyon-Villeurbanne			Strasbourg IG		
Fransa	09.05.2026	Cholet Basket			Nancy Basket		
Fransa	09.05.2026	CSP Limoges			Boulazac Basket		
Fransa	09.05.2026	Elan Chalon			ESSM Le Portel		
Fransa	09.05.2026	Gravelines Dunkerque			Nanterre 92		
Fransa	09.05.2026	JDA Dijon Basket			JL Bourg Basket		
Fransa	09.05.2026	Saint Quentin			Le Mans		
Fransa	16.05.2026	Boulazac Basket			AS Monaco		
Fransa	16.05.2026	ESSM Le Portel			JDA Dijon Basket		
Fransa	16.05.2026	JL Bourg Basket			Gravelines Dunkerque		
Fransa	16.05.2026	Le Mans			CSP Limoges		
Fransa	16.05.2026	Nancy Basket			Saint Quentin		
Fransa	16.05.2026	Nanterre 92			Cholet Basket		
Fransa	16.05.2026	Paris Basketball			Asvel Lyon-Villeurbanne		
Fransa	16.05.2026	Strasbourg IG			Elan Chalon		
Almanya	26.09.2025	Bayern Münih	93	77	Science City Jena	48	47
Almanya	27.09.2025	Löwen Braunschweig	75	98	Brose Baskets Bamberg	42	46
Almanya	27.09.2025	Rasta Vechta	86	76	USC Heidelberg	36	39
Almanya	27.09.2025	Telekom Baskets Bonn	61	72	s.Oliver Würzburg	24	35
Almanya	28.09.2025	Gladiators Trier	88	78	Rostock Sewolves	42	30
Almanya	28.09.2025	Hamburg Towers	85	93	Mitteldeutscher BC	37	40
Almanya	28.09.2025	Ratiopharm Ulm	94	81	BV Chemnitz 99	42	38
Almanya	28.9.2025	Ewe Baskets Oldenburg	75	89	Skyliners Frankfurt	44	32
Almanya	02.10.2025	s.Oliver Würzburg	92	80	Löwen Braunschweig	42	42
Almanya	02.10.2025	USC Heidelberg	83	87	Science City Jena	49	49
Almanya	02.10.2025	Ewe Baskets Oldenburg	86	93	Ratiopharm Ulm	52	48
Almanya	02.10.2025	Mitteldeutscher BC	84	77	Telekom Baskets Bonn	44	33
Almanya	03.10.2025	BV Chemnitz 99	102	78	Hamburg Towers	42	44
Almanya	03.10.2025	Skyliners Frankfurt	88	98	Riesen Ludwigsburg	39	51
Almanya	03.10.2025	ALBA Berlin	92	97	Gladiators Trier	52	43
Almanya	04.10.2025	Ratiopharm Ulm	87	80	Rostock Sewolves	36	33
Almanya	04.10.2025	Rasta Vechta	83	96	Mitteldeutscher BC	43	45
Almanya	04.10.2025	Telekom Baskets Bonn	73	71	Ewe Baskets Oldenburg	39	39
Almanya	05.10.2025	Gladiators Trier	92	87	Brose Baskets Bamberg	47	42
Almanya	05.10.2025	Löwen Braunschweig	73	95	Skyliners Frankfurt	43	50
Almanya	05.10.2025	USC Heidelberg	83	90	BV Chemnitz 99	35	41
Almanya	05.10.2025	Science City Jena	78	97	ALBA Berlin	40	49
Almanya	05.10.2025	Bayern Münih	96	79	Hamburg Towers	47	35
Almanya	5.10.2025	Riesen Ludwigsburg	79	84	s.Oliver Würzburg	48	44
Almanya	10.10.2025	BV Chemnitz 99	111	88	Riesen Ludwigsburg	54	34
Almanya	11.10.2025	Ewe Baskets Oldenburg	92	95	Science City Jena	31	58
Almanya	11.10.2025	s.Oliver Würzburg	96	92	ALBA Berlin	51	55
Almanya	11.10.2025	Mitteldeutscher BC	75	71	Ratiopharm Ulm	40	43
Almanya	12.10.2025	Gladiators Trier	78	73	Löwen Braunschweig	37	37
Almanya	12.10.2025	Rostock Sewolves	90	79	USC Heidelberg	40	40
Almanya	12.10.2025	Bayern Münih	96	81	Brose Baskets Bamberg	52	42
Almanya	12.10.2025	Hamburg Towers	68	86	Telekom Baskets Bonn	36	43
Almanya	13.10.2025	Skyliners Frankfurt	89	93	Rasta Vechta	44	49
Almanya	10.10.2025	BV Chemnitz 99	111	88	Riesen Ludwigsburg	54	34
Almanya	11.10.2025	Ewe Baskets Oldenburg	92	95	Science City Jena	31	58
Almanya	11.10.2025	s.Oliver Würzburg	96	92	ALBA Berlin	51	55
Almanya	11.10.2025	Mitteldeutscher BC	75	71	Ratiopharm Ulm	40	43
Almanya	12.10.2025	Gladiators Trier	78	73	Löwen Braunschweig	37	37
Almanya	12.10.2025	Rostock Sewolves	90	79	USC Heidelberg	40	40
Almanya	12.10.2025	Bayern Münih	96	81	Brose Baskets Bamberg	52	42
Almanya	12.10.2025	Hamburg Towers	68	86	Telekom Baskets Bonn	36	43
Almanya	13.10.2025	Skyliners Frankfurt	89	93	Rasta Vechta	44	49
Almanya	24.10.2025	Ewe Baskets Oldenburg	108	85	Gladiators Trier	51	50
Almanya	25.10.2025	Rasta Vechta	70	76	Telekom Baskets Bonn	43	37
Almanya	25.10.2025	USC Heidelberg	85	51	s.Oliver Würzburg	44	34
Almanya	26.10.2025	Brose Baskets Bamberg	96	82	BV Chemnitz 99	44	50
Almanya	26.10.2025	Skyliners Frankfurt	93	97	Mitteldeutscher BC	38	42
Almanya	26.10.2025	Löwen Braunschweig	92	71	Rostock Sewolves	44	37
Almanya	26.10.2025	ALBA Berlin	67	61	Bayern Münih	35	38
Almanya	26.10.2025	Riesen Ludwigsburg	90	81	Ratiopharm Ulm	47	37
Almanya	31.10.2025	s.Oliver Würzburg	97	92	Science City Jena	38	41
Almanya	01.11.2025	Ratiopharm Ulm	67	75	Skyliners Frankfurt	36	35
Almanya	01.11.2025	BV Chemnitz 99	93	75	Löwen Braunschweig	47	44
Almanya	01.11.2025	Hamburg Towers	71	101	Brose Baskets Bamberg	36	43
Almanya	01.11.2025	Rostock Sewolves	94	77	Ewe Baskets Oldenburg	53	43
Almanya	02.11.2025	Gladiators Trier	96	87	Rasta Vechta	41	43
Almanya	02.11.2025	Mitteldeutscher BC	82	93	Riesen Ludwigsburg	35	44
Almanya	02.11.2025	Telekom Baskets Bonn	70	84	ALBA Berlin	32	35
Almanya	03.11.2025	Bayern Münih	93	81	USC Heidelberg	63	35
Almanya	07.11.2025	Löwen Braunschweig	85	73	Hamburg Towers	44	36
Almanya	08.11.2025	Science City Jena	85	72	BV Chemnitz 99	36	41
Almanya	08.11.2025	Brose Baskets Bamberg	77	80	Skyliners Frankfurt	41	45
Almanya	08.11.2025	Riesen Ludwigsburg	65	59	Ewe Baskets Oldenburg	34	33
Almanya	08.11.2025	ALBA Berlin	88	80	Mitteldeutscher BC	40	45
Almanya	08.11.2025	Telekom Baskets Bonn	81	79	Ratiopharm Ulm	41	39
Almanya	09.11.2025	Rasta Vechta	74	77	Bayern Münih	41	38
Almanya	09.11.2025	USC Heidelberg	76	80	Gladiators Trier	36	41
Almanya	9.11.2025	s.Oliver Würzburg	63	75	Rostock Sewolves	30	42
Almanya	19.11.2025	Gladiators Trier	94	95	Science City Jena	54	52
Almanya	21.11.2025	Rostock Sewolves	87	91	Rasta Vechta	41	48
Almanya	22.11.2025	Hamburg Towers	84	88	Riesen Ludwigsburg	45	44
Almanya	22.11.2025	Ewe Baskets Oldenburg	89	103	Brose Baskets Bamberg	52	48
Almanya	22.11.2025	Skyliners Frankfurt	82	80	s.Oliver Würzburg	44	45
Almanya	22.11.2025	Löwen Braunschweig	89	80	Telekom Baskets Bonn	48	43
Almanya	22.11.2025	Mitteldeutscher BC	85	67	USC Heidelberg	37	41
Almanya	23.11.2025	Ratiopharm Ulm	77	81	Bayern Münih	36	38
Almanya	23.11.2025	BV Chemnitz 99	85	89	ALBA Berlin	48	44
Almanya	05.12.2025	s.Oliver Würzburg	82	71	Ewe Baskets Oldenburg	39	44
Almanya	06.12.2025	Science City Jena	70	92	Ratiopharm Ulm	30	42
Almanya	06.12.2025	Riesen Ludwigsburg	80	86	Gladiators Trier	44	47
Almanya	06.12.2025	Telekom Baskets Bonn	86	82	BV Chemnitz 99	42	38
Almanya	07.12.2025	Bayern Münih	83	62	Mitteldeutscher BC	27	30
Almanya	07.12.2025	Rasta Vechta	97	95	Hamburg Towers	31	34
Almanya	07.12.2025	USC Heidelberg	95	75	Löwen Braunschweig	47	38
Almanya	07.12.2025	ALBA Berlin	89	83	Skyliners Frankfurt	43	39
Almanya	8.12.2025	Brose Baskets Bamberg	74	87	Rostock Sewolves	39	40
Almanya	12.12.2025	BV Chemnitz 99	67	86	s.Oliver Würzburg	32	42
Almanya	13.12.2025	Brose Baskets Bamberg	80	69	USC Heidelberg	48	32
Almanya	13.12.2025	Ratiopharm Ulm	77	75	Rasta Vechta	40	34
Almanya	13.12.2025	Gladiators Trier	102	98	Telekom Baskets Bonn	45	44
Almanya	14.12.2025	Ewe Baskets Oldenburg	79	87	Bayern Münih	37	41
Almanya	14.12.2025	Mitteldeutscher BC	99	93	Löwen Braunschweig	52	44
Almanya	14.12.2025	Skyliners Frankfurt	79	70	Science City Jena	37	34
Almanya	14.12.2025	Hamburg Towers	99	80	ALBA Berlin	49	38
Almanya	15.12.2025	Rostock Sewolves	96	89	Riesen Ludwigsburg	34	43
Almanya	10.12.2025	Telekom Baskets Bonn			Skyliners Frankfurt		
Almanya	20.12.2025	ALBA Berlin			Ratiopharm Ulm		
Almanya	20.12.2025	Science City Jena			Brose Baskets Bamberg		
Almanya	20.12.2025	BV Chemnitz 99			Rostock Sewolves		
Almanya	21.12.2025	Löwen Braunschweig			Ewe Baskets Oldenburg		
Almanya	21.12.2025	s.Oliver Würzburg			Mitteldeutscher BC		
Almanya	21.12.2025	USC Heidelberg			Hamburg Towers		
Almanya	22.12.2025	Riesen Ludwigsburg			Rasta Vechta		
Almanya	28.12.2025	Bayern Münih			Gladiators Trier		
Almanya	26.12.2025	Rostock Sewolves			ALBA Berlin		
Almanya	26.12.2025	s.Oliver Würzburg			Gladiators Trier		
Almanya	26.12.2025	Mitteldeutscher BC			BV Chemnitz 99		
Almanya	26.12.2025	Skyliners Frankfurt			Bayern Münih		
Almanya	27.12.2025	Hamburg Towers			Ewe Baskets Oldenburg		
Almanya	27.12.2025	Brose Baskets Bamberg			Ratiopharm Ulm		
Almanya	27.12.2025	Löwen Braunschweig			Rasta Vechta		
Almanya	27.12.2025	Riesen Ludwigsburg			Science City Jena		
Almanya	27.12.2025	USC Heidelberg			Telekom Baskets Bonn		
Almanya	29.12.2025	Ratiopharm Ulm			s.Oliver Würzburg		
Almanya	29.12.2025	Science City Jena			Telekom Baskets Bonn		
Almanya	29.12.2025	Hamburg Towers			Rostock Sewolves		
Almanya	29.12.2025	Rasta Vechta			Ewe Baskets Oldenburg		
Almanya	30.12.2025	Brose Baskets Bamberg			Mitteldeutscher BC		
Almanya	30.12.2025	BV Chemnitz 99			Gladiators Trier		
Almanya	30.12.2025	ALBA Berlin			Löwen Braunschweig		
Almanya	30.12.2025	Bayern Münih			Riesen Ludwigsburg		
Almanya	30.12.2025	USC Heidelberg			Skyliners Frankfurt		
Almanya	02.01.2026	s.Oliver Würzburg			Hamburg Towers		
Almanya	03.01.2026	Rostock Sewolves			Skyliners Frankfurt		
Almanya	03.01.2026	Mitteldeutscher BC			Science City Jena		
Almanya	03.01.2026	Riesen Ludwigsburg			USC Heidelberg		
Almanya	04.01.2026	BV Chemnitz 99			Rasta Vechta		
Almanya	04.01.2026	Ewe Baskets Oldenburg			ALBA Berlin		
Almanya	04.01.2026	Gladiators Trier			Ratiopharm Ulm		
Almanya	04.01.2026	Löwen Braunschweig			Bayern Münih		
Almanya	5.1.2026	Telekom Baskets Bonn			Brose Baskets Bamberg		
Almanya	08.01.2026	Science City Jena			Rostock Sewolves		
Almanya	09.01.2026	Brose Baskets Bamberg			Riesen Ludwigsburg		
Almanya	10.01.2026	Ewe Baskets Oldenburg			Mitteldeutscher BC		
Almanya	10.01.2026	Skyliners Frankfurt			BV Chemnitz 99		
Almanya	10.01.2026	Hamburg Towers			Gladiators Trier		
Almanya	10.01.2026	Ratiopharm Ulm			Löwen Braunschweig		
Almanya	11.01.2026	ALBA Berlin			USC Heidelberg		
Almanya	11.01.2026	Bayern Münih			Telekom Baskets Bonn		
Almanya	11.1.2026	Rasta Vechta			s.Oliver Würzburg		
Almanya	16.01.2026	USC Heidelberg			Ewe Baskets Oldenburg		
Almanya	17.01.2026	Brose Baskets Bamberg			s.Oliver Würzburg		
Almanya	17.01.2026	Gladiators Trier			Skyliners Frankfurt		
Almanya	17.01.2026	Riesen Ludwigsburg			Telekom Baskets Bonn		
Almanya	18.01.2026	BV Chemnitz 99			Bayern Münih		
Almanya	18.01.2026	Hamburg Towers			Ratiopharm Ulm		
Almanya	18.01.2026	Löwen Braunschweig			Science City Jena		
Almanya	18.01.2026	Rostock Sewolves			Mitteldeutscher BC		
Almanya	19.1.2026	Rasta Vechta			ALBA Berlin		
Almanya	23.01.2026	Telekom Baskets Bonn			Rostock Sewolves		
Almanya	24.01.2026	Mitteldeutscher BC			Gladiators Trier		
Almanya	24.01.2026	Ratiopharm Ulm			USC Heidelberg		
Almanya	24.01.2026	Skyliners Frankfurt			Hamburg Towers		
Almanya	24.01.2026	Ewe Baskets Oldenburg			BV Chemnitz 99		
Almanya	24.01.2026	Riesen Ludwigsburg			Löwen Braunschweig		
Almanya	25.01.2026	ALBA Berlin			Brose Baskets Bamberg		
Almanya	25.01.2026	Bayern Münih			s.Oliver Würzburg		
Almanya	26.1.2026	Science City Jena			Rasta Vechta		
Almanya	01.01.2026	Rostock Sewolves			Telekom Baskets Bonn		
Almanya	01.01.2026	Science City Jena			Riesen Ludwigsburg		
Almanya	01.01.2026	Hamburg Towers			BV Chemnitz 99		
Almanya	01.01.2026	Rasta Vechta			Skyliners Frankfurt		
Almanya	30.01.2026	Mitteldeutscher BC			Ewe Baskets Oldenburg		
Almanya	01.02.2026	Bayern Münih			Ratiopharm Ulm		
Almanya	01.02.2026	Löwen Braunschweig			USC Heidelberg		
Almanya	01.02.2026	s.Oliver Würzburg			Brose Baskets Bamberg		
Almanya	2.2.2026	Gladiators Trier			ALBA Berlin		
Almanya	07.02.2026	BV Chemnitz 99			Mitteldeutscher BC		
Almanya	07.02.2026	Skyliners Frankfurt			Gladiators Trier		
Almanya	07.02.2026	Riesen Ludwigsburg			Brose Baskets Bamberg		
Almanya	08.02.2026	ALBA Berlin			Rasta Vechta		
Almanya	08.02.2026	Hamburg Towers			Löwen Braunschweig		
Almanya	08.02.2026	Ratiopharm Ulm			Ewe Baskets Oldenburg		
Almanya	08.02.2026	Rostock Sewolves			s.Oliver Würzburg		
Almanya	08.02.2026	USC Heidelberg			Bayern Münih		
Almanya	8.2.2026	Telekom Baskets Bonn			Science City Jena		
Almanya	13.02.2026	s.Oliver Würzburg			USC Heidelberg		
Almanya	14.02.2026	Rasta Vechta			Ratiopharm Ulm		
Almanya	14.02.2026	Skyliners Frankfurt			Löwen Braunschweig		
Almanya	14.02.2026	Ewe Baskets Oldenburg			Riesen Ludwigsburg		
Almanya	14.02.2026	Telekom Baskets Bonn			Hamburg Towers		
Almanya	15.02.2026	Brose Baskets Bamberg			ALBA Berlin		
Almanya	15.02.2026	Gladiators Trier			BV Chemnitz 99		
Almanya	15.02.2026	Mitteldeutscher BC			Rostock Sewolves		
Almanya	15.2.2026	Science City Jena			Bayern Münih		
Almanya	18.02.2026	Löwen Braunschweig			s.Oliver Würzburg		
Almanya	18.02.2026	Riesen Ludwigsburg			Mitteldeutscher BC		
Almanya	18.02.2026	Rostock Sewolves			Brose Baskets Bamberg		
Almanya	18.02.2026	Science City Jena			Ewe Baskets Oldenburg		
Almanya	18.02.2026	ALBA Berlin			Hamburg Towers		
Almanya	18.02.2026	Bayern Münih			Skyliners Frankfurt		
Almanya	18.02.2026	BV Chemnitz 99			USC Heidelberg		
Almanya	18.02.2026	Ratiopharm Ulm			Gladiators Trier		
Almanya	18.2.2026	Telekom Baskets Bonn			Rasta Vechta		
Almanya	06.03.2026	Brose Baskets Bamberg			Löwen Braunschweig		
Almanya	06.03.2026	Ewe Baskets Oldenburg			Telekom Baskets Bonn		
Almanya	06.03.2026	Mitteldeutscher BC			Skyliners Frankfurt		
Almanya	06.03.2026	USC Heidelberg			ALBA Berlin		
Almanya	06.03.2026	Rasta Vechta			Science City Jena		
Almanya	06.03.2026	Ratiopharm Ulm			Riesen Ludwigsburg		
Almanya	06.03.2026	Rostock Sewolves			Gladiators Trier		
Almanya	06.03.2026	s.Oliver Würzburg			BV Chemnitz 99		
Almanya	29.3.2026	Hamburg Towers			Bayern Münih		
Almanya	08.03.2026	ALBA Berlin			s.Oliver Würzburg		
Almanya	08.03.2026	Bayern Münih			Rostock Sewolves		
Almanya	08.03.2026	BV Chemnitz 99			Ratiopharm Ulm		
Almanya	08.03.2026	Ewe Baskets Oldenburg			Rasta Vechta		
Almanya	08.03.2026	Riesen Ludwigsburg			Hamburg Towers		
Almanya	08.03.2026	Science City Jena			Löwen Braunschweig		
Almanya	08.03.2026	Skyliners Frankfurt			Brose Baskets Bamberg		
Almanya	08.03.2026	Telekom Baskets Bonn			Mitteldeutscher BC		
Almanya	9.3.2026	Gladiators Trier			USC Heidelberg		
Almanya	13.03.2026	Hamburg Towers			USC Heidelberg		
Almanya	14.03.2026	Ratiopharm Ulm			Science City Jena		
Almanya	14.03.2026	s.Oliver Würzburg			Telekom Baskets Bonn		
Almanya	14.03.2026	Rasta Vechta			Riesen Ludwigsburg		
Almanya	15.03.2026	Brose Baskets Bamberg			Bayern Münih		
Almanya	15.03.2026	Löwen Braunschweig			Gladiators Trier		
Almanya	15.03.2026	Mitteldeutscher BC			ALBA Berlin		
Almanya	15.03.2026	Rostock Sewolves			BV Chemnitz 99		
Almanya	15.3.2026	Skyliners Frankfurt			Ewe Baskets Oldenburg		
Almanya	18.03.2026	Gladiators Trier			Hamburg Towers		
Almanya	20.03.2026	Riesen Ludwigsburg			Skyliners Frankfurt		
Almanya	21.03.2026	Science City Jena			Mitteldeutscher BC		
Almanya	21.03.2026	USC Heidelberg			Brose Baskets Bamberg		
Almanya	21.03.2026	Rasta Vechta			BV Chemnitz 99		
Almanya	22.03.2026	ALBA Berlin			Rostock Sewolves		
Almanya	22.03.2026	Bayern Münih			Löwen Braunschweig		
Almanya	22.03.2026	Ewe Baskets Oldenburg			s.Oliver Würzburg		
Almanya	23.3.2026	Ratiopharm Ulm			Telekom Baskets Bonn		
Almanya	27.03.2026	Telekom Baskets Bonn			Riesen Ludwigsburg		
Almanya	28.03.2026	Mitteldeutscher BC			Rasta Vechta		
Almanya	28.03.2026	BV Chemnitz 99			Ewe Baskets Oldenburg		
Almanya	29.03.2026	s.Oliver Würzburg			Bayern Münih		
Almanya	29.03.2026	Brose Baskets Bamberg			Gladiators Trier		
Almanya	29.03.2026	Skyliners Frankfurt			Rostock Sewolves		
Almanya	29.03.2026	USC Heidelberg			Ratiopharm Ulm		
Almanya	30.03.2026	Löwen Braunschweig			ALBA Berlin		
Almanya	15.4.2026	Hamburg Towers			Science City Jena		
Almanya	01.04.2026	Gladiators Trier			s.Oliver Würzburg		
Almanya	01.04.2026	Rostock Sewolves			Löwen Braunschweig		
Almanya	01.04.2026	Ewe Baskets Oldenburg			Hamburg Towers		
Almanya	01.04.2026	Ratiopharm Ulm			Mitteldeutscher BC		
Almanya	01.04.2026	Riesen Ludwigsburg			BV Chemnitz 99		
Almanya	02.04.2026	Rasta Vechta			Brose Baskets Bamberg		
Almanya	02.04.2026	Science City Jena			Skyliners Frankfurt		
Almanya	02.04.2026	Bayern Münih			ALBA Berlin		
Almanya	2.4.2026	Telekom Baskets Bonn			USC Heidelberg		
Almanya	04.04.2026	Gladiators Trier			Riesen Ludwigsburg		
Almanya	04.04.2026	s.Oliver Würzburg			Rasta Vechta		
Almanya	04.04.2026	BV Chemnitz 99			Telekom Baskets Bonn		
Almanya	04.04.2026	Löwen Braunschweig			Ratiopharm Ulm		
Almanya	04.04.2026	Mitteldeutscher BC			Bayern Münih		
Almanya	05.04.2026	ALBA Berlin			Ewe Baskets Oldenburg		
Almanya	05.04.2026	Brose Baskets Bamberg			Science City Jena		
Almanya	05.04.2026	Hamburg Towers			Skyliners Frankfurt		
Almanya	5.4.2026	USC Heidelberg			Rostock Sewolves		
Almanya	10.04.2026	Mitteldeutscher BC			Hamburg Towers		
Almanya	11.04.2026	Ratiopharm Ulm			Brose Baskets Bamberg		
Almanya	11.04.2026	Science City Jena			s.Oliver Würzburg		
Almanya	11.04.2026	Rasta Vechta			Gladiators Trier		
Almanya	12.04.2026	Bayern Münih			BV Chemnitz 99		
Almanya	12.04.2026	Riesen Ludwigsburg			ALBA Berlin		
Almanya	12.04.2026	Skyliners Frankfurt			USC Heidelberg		
Almanya	12.04.2026	Telekom Baskets Bonn			Löwen Braunschweig		
Almanya	13.4.2026	Ewe Baskets Oldenburg			Rostock Sewolves		
Almanya	17.04.2026	s.Oliver Würzburg			Skyliners Frankfurt		
Almanya	18.04.2026	Brose Baskets Bamberg			Ewe Baskets Oldenburg		
Almanya	18.04.2026	USC Heidelberg			Riesen Ludwigsburg		
Almanya	18.04.2026	BV Chemnitz 99			Science City Jena		
Almanya	19.04.2026	Hamburg Towers			Rasta Vechta		
Almanya	19.04.2026	Löwen Braunschweig			Mitteldeutscher BC		
Almanya	19.04.2026	Rostock Sewolves			Ratiopharm Ulm		
Almanya	20.04.2026	ALBA Berlin			Telekom Baskets Bonn		
Almanya	20.4.2026	Gladiators Trier			Bayern Münih		
Almanya	24.04.2026	Mitteldeutscher BC			s.Oliver Würzburg		
Almanya	25.04.2026	Ratiopharm Ulm			Hamburg Towers		
Almanya	25.04.2026	Science City Jena			Gladiators Trier		
Almanya	25.04.2026	Ewe Baskets Oldenburg			USC Heidelberg		
Almanya	25.04.2026	Riesen Ludwigsburg			Rostock Sewolves		
Almanya	26.04.2026	Rasta Vechta			Löwen Braunschweig		
Almanya	26.04.2026	Skyliners Frankfurt			ALBA Berlin		
Almanya	27.04.2026	BV Chemnitz 99			Brose Baskets Bamberg		
Almanya	21.12.2026	Telekom Baskets Bonn			Bayern Münih		
Almanya	01.05.2026	Skyliners Frankfurt			Telekom Baskets Bonn		
Almanya	02.05.2026	Rostock Sewolves			Science City Jena		
Almanya	02.05.2026	s.Oliver Würzburg			Ratiopharm Ulm		
Almanya	02.05.2026	Gladiators Trier			Ewe Baskets Oldenburg		
Almanya	02.05.2026	Löwen Braunschweig			Riesen Ludwigsburg		
Almanya	03.05.2026	ALBA Berlin			BV Chemnitz 99		
Almanya	03.05.2026	Bayern Münih			Rasta Vechta		
Almanya	03.05.2026	Brose Baskets Bamberg			Hamburg Towers		
Almanya	4.5.2026	USC Heidelberg			Mitteldeutscher BC		
Almanya	07.05.2026	BV Chemnitz 99			Skyliners Frankfurt		
Almanya	07.05.2026	Riesen Ludwigsburg			Bayern Münih		
Almanya	07.05.2026	Hamburg Towers			s.Oliver Würzburg		
Almanya	07.05.2026	Ratiopharm Ulm			ALBA Berlin		
Almanya	07.05.2026	Science City Jena			USC Heidelberg		
Almanya	08.05.2026	Mitteldeutscher BC			Brose Baskets Bamberg		
Almanya	08.05.2026	Rasta Vechta			Rostock Sewolves		
Almanya	08.05.2026	Ewe Baskets Oldenburg			Löwen Braunschweig		
Almanya	8.5.2026	Telekom Baskets Bonn			Gladiators Trier		
Almanya	10.05.2026	ALBA Berlin			Science City Jena		
Almanya	10.05.2026	Bayern Münih			Ewe Baskets Oldenburg		
Almanya	10.05.2026	Brose Baskets Bamberg			Telekom Baskets Bonn		
Almanya	10.05.2026	Gladiators Trier			Mitteldeutscher BC		
Almanya	10.05.2026	Löwen Braunschweig			BV Chemnitz 99		
Almanya	10.05.2026	Rostock Sewolves			Hamburg Towers		
Almanya	10.05.2026	Skyliners Frankfurt			Ratiopharm Ulm		
Almanya	10.05.2026	s.Oliver Würzburg			Riesen Ludwigsburg		
Almanya	10.5.2026	USC Heidelberg			Rasta Vechta		
İtalya	04.10.2025	Trieste	87	91	P. Trapani	42	47
İtalya	05.10.2025	Olimpia Milano	71	74	Derthona Basket	44	45
İtalya	05.10.2025	Reggio Emilia	76	71	AP Udinese	42	32
İtalya	05.10.2025	Treviso	100	102	Brescia Leonessa	48	51
İtalya	05.10.2025	Trento	109	69	Cantu	46	30
İtalya	05.10.2025	Reyer Venezia	82	75	Cremona	36	38
İtalya	05.10.2025	Sassari	102	105	Varese	49	54
İtalya	06.10.2025	Virtus Bologna	105	88	Napoli Basket	50	32
İtalya	11.10.2025	Varese	61	94	Olimpia Milano	32	50
İtalya	11.10.2025	AP Udinese	80	82	Virtus Bologna	31	36
İtalya	11.10.2025	Brescia Leonessa	72	63	Trento	39	34
İtalya	11.10.2025	Napoli Basket	79	84	Trieste	39	47
İtalya	12.10.2025	Cantu	83	78	Reggio Emilia	41	47
İtalya	12.10.2025	P. Trapani	109	102	Reyer Venezia	47	42
İtalya	12.10.2025	Cremona	79	75	Sassari	34	37
İtalya	12.10.2025	Derthona Basket	107	95	Treviso	57	47
İtalya	18.10.2025	Reyer Venezia	102	66	Trieste	46	38
İtalya	19.10.2025	Sassari	72	76	Olimpia Milano	42	34
İtalya	19.10.2025	Trento	89	75	Derthona Basket	44	38
İtalya	19.10.2025	Reggio Emilia	103	79	Varese	56	44
İtalya	19.10.2025	Cantu	63	81	P. Trapani	37	44
İtalya	19.10.2025	Treviso	79	86	Napoli Basket	39	43
İtalya	19.10.2025	AP Udinese	72	81	Brescia Leonessa	39	44
İtalya	20.10.2025	Virtus Bologna	69	86	Cremona	30	41
İtalya	25.10.2025	Varese	74	85	Trento	40	41
İtalya	25.10.2025	Derthona Basket	108	100	P. Trapani	53	46
İtalya	26.10.2025	Olimpia Milano	101	88	Reyer Venezia	50	49
İtalya	26.10.2025	Brescia Leonessa	104	94	Cantu	57	38
İtalya	26.10.2025	Napoli Basket	95	87	Reggio Emilia	42	38
İtalya	26.10.2025	Trieste	92	85	AP Udinese	46	49
İtalya	26.10.2025	Virtus Bologna	90	71	Sassari	49	35
İtalya	26.10.2025	Cremona	96	79	Treviso	54	42
İtalya	01.11.2025	Sassari	70	88	AP Udinese	38	41
İtalya	01.11.2025	Trento	83	102	Virtus Bologna	43	57
İtalya	01.11.2025	Treviso	100	107	Trieste	54	58
İtalya	02.11.2025	Cantu	91	83	Cremona	47	44
İtalya	02.11.2025	Reyer Venezia	86	75	Varese	46	39
İtalya	02.11.2025	P. Trapani	77	75	Brescia Leonessa	50	36
İtalya	02.11.2025	Reggio Emilia	61	93	Olimpia Milano	28	53
İtalya	02.11.2025	Derthona Basket	87	76	Napoli Basket	43	41
İtalya	04.11.2025	Varese	77	83	Virtus Bologna	35	39
İtalya	05.11.2025	Brescia Leonessa	98	92	Olimpia Milano	56	41
İtalya	05.11.2025	Napoli Basket	90	97	P. Trapani	46	44
İtalya	06.11.2025	Sassari	100	84	Cantu	55	37
İtalya	06.11.2025	Cremona	92	83	Trento	45	44
İtalya	07.11.2025	AP Udinese	87	94	Reyer Venezia	40	36
İtalya	07.11.2025	Reggio Emilia	88	89	Treviso	43	41
İtalya	12.11.2025	Trieste	91	81	Derthona Basket	41	43
İtalya	09.11.2025	P. Trapani	96	90	Cremona	50	48
İtalya	09.11.2025	Brescia Leonessa	98	75	Trieste	53	44
İtalya	09.11.2025	Olimpia Milano	87	63	Treviso	46	29
İtalya	09.11.2025	Trento	87	93	Napoli Basket	39	41
İtalya	09.11.2025	Derthona Basket	90	87	Varese	40	48
İtalya	09.11.2025	Virtus Bologna	80	78	Reggio Emilia	35	32
İtalya	09.11.2025	Reyer Venezia	89	76	Sassari	37	35
İtalya	09.11.2025	Cantu	90	85	AP Udinese	41	41
İtalya	15.11.2025	AP Udinese	90	94	Derthona Basket	36	48
İtalya	15.11.2025	Cremona	113	94	Trieste	50	46
İtalya	16.11.2025	Sassari	89	88	Trento	49	50
İtalya	16.11.2025	Varese	91	82	Cantu	43	40
İtalya	16.11.2025	Reggio Emilia	79	89	Reyer Venezia	47	46
İtalya	16.11.2025	Olimpia Milano	80	86	P. Trapani	38	44
İtalya	16.11.2025	Napoli Basket	72	85	Brescia Leonessa	33	44
İtalya	17.11.2025	Treviso	79	101	Virtus Bologna	45	51
İtalya	21.11.2025	Brescia Leonessa	83	72	Cremona	37	40
İtalya	22.11.2025	Trento	81	68	Treviso	39	34
İtalya	23.11.2025	Trieste	86	82	Olimpia Milano	44	41
İtalya	23.11.2025	Varese	59	66	AP Udinese	27	39
İtalya	23.11.2025	P. Trapani	88	75	Reggio Emilia	47	46
İtalya	23.11.2025	Derthona Basket	90	98	Reyer Venezia	47	52
İtalya	23.11.2025	Cantu	77	89	Virtus Bologna	35	47
İtalya	23.11.2025	Napoli Basket	86	75	Sassari	48	39
İtalya	06.12.2025	Sassari	85	80	Trieste	44	37
İtalya	06.12.2025	Reggio Emilia	87	93	Brescia Leonessa	46	51
İtalya	07.12.2025	AP Udinese	78	71	Napoli Basket	41	39
İtalya	07.12.2025	Reyer Venezia	101	95	Cantu	61	51
İtalya	07.12.2025	Olimpia Milano	94	90	Trento	52	48
İtalya	07.12.2025	Treviso	82	89	P. Trapani	39	47
İtalya	08.12.2025	Cremona	79	87	Varese	39	39
İtalya	08.12.2025	Virtus Bologna	92	77	Derthona Basket	48	35
İtalya	13.12.2025	Trieste	92	82	Reggio Emilia	37	43
İtalya	13.12.2025	Trento	96	90	Reyer Venezia	37	50
İtalya	14.12.2025	P. Trapani	91	73	AP Udinese	46	33
İtalya	14.12.2025	Derthona Basket	118	113	Sassari	47	32
İtalya	14.12.2025	Brescia Leonessa	102	94	Varese	50	47
İtalya	14.12.2025	Napoli Basket	102	76	Cremona	54	35
İtalya	14.12.2025	Treviso	86	81	Cantu	45	41
İtalya	14.12.2025	Olimpia Milano	74	66	Virtus Bologna	35	35
İtalya	21.12.2025	AP Udinese			Treviso		
İtalya	21.12.2025	Cantu			Olimpia Milano		
İtalya	21.12.2025	Cremona			Derthona Basket		
İtalya	21.12.2025	Reggio Emilia			Trento		
İtalya	21.12.2025	Reyer Venezia			Napoli Basket		
İtalya	21.12.2025	Sassari			P. Trapani		
İtalya	21.12.2025	Varese			Trieste		
İtalya	21.12.2025	Virtus Bologna			Brescia Leonessa		
İtalya	28.12.2025	Brescia Leonessa			Reyer Venezia		
İtalya	28.12.2025	Derthona Basket			Reggio Emilia		
İtalya	28.12.2025	Napoli Basket			Cantu		
İtalya	28.12.2025	P. Trapani			Varese		
İtalya	28.12.2025	Trento			AP Udinese		
İtalya	28.12.2025	Treviso			Sassari		
İtalya	28.12.2025	Trieste			Virtus Bologna		
İtalya	29.12.2025	Olimpia Milano			Cremona		
İtalya	04.01.2026	Cantu			Derthona Basket		
İtalya	04.01.2026	Cremona			Reggio Emilia		
İtalya	04.01.2026	Olimpia Milano			AP Udinese		
İtalya	04.01.2026	Reyer Venezia			Treviso		
İtalya	04.01.2026	Sassari			Brescia Leonessa		
İtalya	04.01.2026	Trento			Trieste		
İtalya	04.01.2026	Varese			Napoli Basket		
İtalya	04.01.2026	Virtus Bologna			P. Trapani		
İtalya	11.01.2026	AP Udinese			Cremona		
İtalya	11.01.2026	Brescia Leonessa			Derthona Basket		
İtalya	11.01.2026	Napoli Basket			Olimpia Milano		
İtalya	11.01.2026	P. Trapani			Trento		
İtalya	11.01.2026	Reggio Emilia			Sassari		
İtalya	11.01.2026	Reyer Venezia			Virtus Bologna		
İtalya	11.01.2026	Treviso			Varese		
İtalya	11.01.2026	Trieste			Cantu		
İtalya	18.01.2026	AP Udinese			Reggio Emilia		
İtalya	18.01.2026	Cantu			Brescia Leonessa		
İtalya	18.01.2026	Derthona Basket			Olimpia Milano		
İtalya	18.01.2026	P. Trapani			Trieste		
İtalya	18.01.2026	Sassari			Napoli Basket		
İtalya	18.01.2026	Trento			Cremona		
İtalya	18.01.2026	Varese			Reyer Venezia		
İtalya	18.01.2026	Virtus Bologna			Treviso		
İtalya	25.01.2026	Brescia Leonessa			AP Udinese		
İtalya	25.01.2026	Cremona			Virtus Bologna		
İtalya	25.01.2026	Napoli Basket			Derthona Basket		
İtalya	25.01.2026	Olimpia Milano			Varese		
İtalya	25.01.2026	Reggio Emilia			Cantu		
İtalya	25.01.2026	Reyer Venezia			P. Trapani		
İtalya	25.01.2026	Treviso			Trento		
İtalya	25.01.2026	Trieste			Sassari		
İtalya	01.02.2026	Cantu			Reyer Venezia		
İtalya	01.02.2026	Derthona Basket			AP Udinese		
İtalya	01.02.2026	Olimpia Milano			Brescia Leonessa		
İtalya	01.02.2026	P. Trapani			Napoli Basket		
İtalya	01.02.2026	Sassari			Cremona		
İtalya	01.02.2026	Trieste			Trento		
İtalya	01.02.2026	Varese			Reggio Emilia		
İtalya	01.02.2026	Virtus Bologna			Trento		
İtalya	08.02.2026	AP Udinese			Sassari		
İtalya	08.02.2026	Brescia Leonessa			Virtus Bologna		
İtalya	08.02.2026	Cremona			Cantu		
İtalya	08.02.2026	Derthona Basket			Trieste		
İtalya	08.02.2026	Napoli Basket			Reyer Venezia		
İtalya	08.02.2026	Reggio Emilia			P. Trapani		
İtalya	08.02.2026	Trento			Varese		
İtalya	08.02.2026	Treviso			Olimpia Milano		
İtalya	15.02.2026	Cantu			Trento		
İtalya	15.02.2026	Cremona			Olimpia Milano		
İtalya	15.02.2026	P. Trapani			Treviso		
İtalya	15.02.2026	Reyer Venezia			Reggio Emilia		
İtalya	15.02.2026	Sassari			Derthona Basket		
İtalya	15.02.2026	Trieste			Napoli Basket		
İtalya	15.02.2026	Varese			Brescia Leonessa		
İtalya	15.02.2026	Virtus Bologna			AP Udinese		
İtalya	08.03.2026	AP Udinese			Varese		
İtalya	08.03.2026	Brescia Leonessa			P. Trapani		
İtalya	08.03.2026	Derthona Basket			Cremona		
İtalya	08.03.2026	Napoli Basket			Virtus Bologna		
İtalya	08.03.2026	Reggio Emilia			Trieste		
İtalya	08.03.2026	Trento			Sassari		
İtalya	08.03.2026	Treviso			Reyer Venezia		
İtalya	09.03.2026	Olimpia Milano			Cantu		
İtalya	15.03.2026	Cantu			Napoli Basket		
İtalya	15.03.2026	Cremona			Brescia Leonessa		
İtalya	15.03.2026	P. Trapani			Derthona Basket		
İtalya	15.03.2026	Reyer Venezia			AP Udinese		
İtalya	15.03.2026	Sassari			Reggio Emilia		
İtalya	15.03.2026	Trieste			Trento		
İtalya	15.03.2026	Varese			Treviso		
İtalya	15.03.2026	Virtus Bologna			Olimpia Milano		
İtalya	22.03.2026	AP Udinese			P. Trapani		
İtalya	22.03.2026	Derthona Basket			Cantu		
İtalya	22.03.2026	Napoli Basket			Varese		
İtalya	22.03.2026	Olimpia Milano			Sassari		
İtalya	22.03.2026	Reggio Emilia			Virtus Bologna		
İtalya	22.03.2026	Trento			Brescia Leonessa		
İtalya	22.03.2026	Treviso			Cremona		
İtalya	22.03.2026	Trieste			Reyer Venezia		
İtalya	29.03.2026	AP Udinese			Olimpia Milano		
İtalya	29.03.2026	Brescia Leonessa			Reggio Emilia		
İtalya	29.03.2026	Cantu			Trieste		
İtalya	29.03.2026	Cremona			Napoli Basket		
İtalya	29.03.2026	P. Trapani			Virtus Bologna		
İtalya	29.03.2026	Reyer Venezia			Trento		
İtalya	29.03.2026	Sassari			Treviso		
İtalya	29.03.2026	Varese			Derthona Basket		
İtalya	04.04.2026	Brescia Leonessa			Napoli Basket		
İtalya	04.04.2026	Cantu			Sassari		
İtalya	04.04.2026	Cremona			AP Udinese		
İtalya	04.04.2026	Olimpia Milano			Reggio Emilia		
İtalya	04.04.2026	Trento			P. Trapani		
İtalya	04.04.2026	Treviso			Derthona Basket		
İtalya	04.04.2026	Trieste			Varese		
İtalya	04.04.2026	Virtus Bologna			Reyer Venezia		
İtalya	12.04.2026	AP Udinese			Trieste		
İtalya	12.04.2026	Derthona Basket			Trento		
İtalya	12.04.2026	Napoli Basket			Treviso		
İtalya	12.04.2026	P. Trapani			Olimpia Milano		
İtalya	12.04.2026	Reggio Emilia			Cremona		
İtalya	12.04.2026	Reyer Venezia			Brescia Leonessa		
İtalya	12.04.2026	Varese			Sassari		
İtalya	12.04.2026	Virtus Bologna			Cantu		
İtalya	19.04.2026	Cantu			Varese		
İtalya	19.04.2026	Cremona			P. Trapani		
İtalya	19.04.2026	Derthona Basket			Virtus Bologna		
İtalya	19.04.2026	Olimpia Milano			Napoli Basket		
İtalya	19.04.2026	Sassari			Reyer Venezia		
İtalya	19.04.2026	Trento			Reggio Emilia		
İtalya	19.04.2026	Treviso			AP Udinese		
İtalya	19.04.2026	Trieste			Brescia Leonessa		
İtalya	26.04.2026	AP Udinese			Cantu		
İtalya	26.04.2026	Brescia Leonessa			Treviso		
İtalya	26.04.2026	Napoli Basket			Trento		
İtalya	26.04.2026	P. Trapani			Sassari		
İtalya	26.04.2026	Reggio Emilia			Derthona Basket		
İtalya	26.04.2026	Reyer Venezia			Olimpia Milano		
İtalya	26.04.2026	Varese			Cremona		
İtalya	26.04.2026	Virtus Bologna			Trieste		
İtalya	03.05.2026	AP Udinese			Trento		
İtalya	03.05.2026	Cremona			Reyer Venezia		
İtalya	03.05.2026	Derthona Basket			Brescia Leonessa		
İtalya	03.05.2026	Olimpia Milano			Trieste		
İtalya	03.05.2026	Reggio Emilia			Napoli Basket		
İtalya	03.05.2026	Sassari			Treviso		
İtalya	03.05.2026	Sassari			Virtus Bologna		
İtalya	03.05.2026	Varese			P. Trapani		
İtalya	10.05.2026	Brescia Leonessa			Sassari		
İtalya	10.05.2026	P. Trapani			Cantu		
İtalya	10.05.2026	Reyer Venezia			Derthona Basket		
İtalya	10.05.2026	Trento			Olimpia Milano		
İtalya	10.05.2026	Treviso			Reggio Emilia		
İtalya	10.05.2026	Trieste			Cremona		
İtalya	10.05.2026	Virtus Bologna			AP Udinese		
İtalya	10.05.2026	Virtus Bologna			Varese		
NBA	22.10.2025	Oklahoma City Thunder	125	124	Houston Rockets	51	57
NBA	22.10.2025	Los Angeles Lakers	109	119	Golden State Warriors	54	55
NBA	23.10.2025	Charlotte Hornets	136	117	Brooklyn Nets	79	62
NBA	23.10.2025	New York Knicks	119	111	Cleveland Cavaliers	65	52
NBA	23.10.2025	Orlando Magic	125	121	Miami Heat	69	65
NBA	23.10.2025	Atlanta Hawks	118	138	Toronto Raptors	59	65
NBA	23.10.2025	Boston Celtics	116	117	Philadelphia 76ers	51	57
NBA	23.10.2025	Chicago Bulls	115	111	Detroit Pistons	64	55
NBA	23.10.2025	Memphis Grizzlies	128	122	New Orleans Pelicans	56	67
NBA	23.10.2025	Milwaukee Bucks	133	120	Washington Wizards	72	53
NBA	23.10.2025	Utah Jazz	129	108	Los Angeles Clippers	78	47
NBA	23.10.2025	Dallas Mavericks	92	125	San Antonio Spurs	51	60
NBA	23.10.2025	Phoenix Suns	120	116	Sacramento Kings	54	71
NBA	23.10.2025	Portland Trail Blazers	114	118	Minnesota Timberwolves	61	57
NBA	24.10.2025	Indiana Pacers	135	141	Oklahoma City Thunder	47	54
NBA	24.10.2025	Golden State Warriors	137	131	Denver Nuggets	61	70
NBA	25.10.2025	Toronto Raptors	116	122	Milwaukee Bucks	54	52
NBA	25.10.2025	Orlando Magic	107	111	Atlanta Hawks	61	51
NBA	25.10.2025	Brooklyn Nets	124	131	Cleveland Cavaliers	51	63
NBA	25.10.2025	New York Knicks	105	95	Boston Celtics	64	44
NBA	25.10.2025	Houston Rockets	111	115	Detroit Pistons	56	63
NBA	25.10.2025	Memphis Grizzlies	114	146	Miami Heat	47	86
NBA	25.10.2025	New Orleans Pelicans	116	120	San Antonio Spurs	58	57
NBA	25.10.2025	Dallas Mavericks	107	117	Washington Wizards	52	58
NBA	25.10.2025	Los Angeles Lakers	128	110	Minnesota Timberwolves	68	63
NBA	25.10.2025	Portland Trail Blazers	139	119	Golden State Warriors	69	56
NBA	25.10.2025	Sacramento Kings	105	104	Utah Jazz	49	46
NBA	25.10.2025	Los Angeles Clippers	129	102	Phoenix Suns	72	56
NBA	26.10.2025	Atlanta Hawks	100	117	Oklahoma City Thunder	55	60
NBA	26.10.2025	Philadelphia 76ers	125	121	Charlotte Hornets	61	58
NBA	26.10.2025	Denver Nuggets	133	111	Phoenix Suns	71	54
NBA	26.10.2025	Memphis Grizzlies	128	103	Indiana Pacers	60	52
NBA	26.10.2025	Orlando Magic	98	110	Chicago Bulls	49	52
NBA	26.10.2025	Denver Nuggets	133	111	Phoenix Suns	71	54
NBA	26.10.2025	Memphis Grizzlies	128	103	Indiana Pacers	60	52
NBA	26.10.2025	San Antonio Spurs	118	107	Brooklyn Nets	69	48
NBA	26.10.2025	Detroit Pistons	119	113	Boston Celtics	60	58
NBA	27.10.2025	Cleveland Cavaliers	118	113	Milwaukee Bucks	65	56
NBA	27.10.2025	Miami Heat	115	107	New York Knicks	57	54
NBA	27.10.2025	Washington Wizards	113	139	Charlotte Hornets	62	51
NBA	27.10.2025	Minnesota Timberwolves	114	110	Indiana Pacers	58	60
NBA	27.10.2025	Dallas Mavericks	139	129	Toronto Raptors	64	66
NBA	27.10.2025	Los Angeles Clippers	114	107	Portland Trail Blazers	55	60
NBA	27.10.2025	Sacramento Kings	120	127	Los Angeles Lakers	62	62
NBA	28.10.2025	Detroit Pistons	95	116	Cleveland Cavaliers	41	63
NBA	28.10.2025	Philadelphia 76ers	136	124	Orlando Magic	72	60
NBA	28.10.2025	Chicago Bulls	128	123	Atlanta Hawks	57	58
NBA	28.10.2025	Houston Rockets	137	109	Brooklyn Nets	71	61
NBA	28.10.2025	New Orleans Pelicans	90	122	Boston Celtics	54	65
NBA	28.10.2025	San Antonio Spurs	121	103	Toronto Raptors	69	50
NBA	28.10.2025	Dallas Mavericks	94	101	Oklahoma City Thunder	42	48
NBA	28.10.2025	Utah Jazz	138	134	Phoenix Suns	64	61
NBA	28.10.2025	Minnesota Timberwolves	114	127	Denver Nuggets	65	57
NBA	28.10.2025	Golden State Warriors	131	118	Memphis Grizzlies	65	61
NBA	28.10.2025	Los Angeles Lakers	108	122	Portland Trail Blazers	51	57
NBA	29.10.2025	Washington Wizards	134	139	Philadelphia 76ers	79	68
NBA	29.10.2025	Miami Heat	144	117	Charlotte Hornets	76	60
NBA	29.10.2025	Milwaukee Bucks	121	111	New York Knicks	64	71
NBA	29.10.2025	Oklahoma City Thunder	107	101	Sacramento Kings	58	62
NBA	29.10.2025	Golden State Warriors	98	79	Los Angeles Clippers	46	51
NBA	30.10.2025	Toronto Raptors	121	139	Houston Rockets	63	70
NBA	30.10.2025	Boston Celtics	125	105	Cleveland Cavaliers	75	60
NBA	30.10.2025	Detroit Pistons	135	116	Orlando Magic	65	64
NBA	30.10.2025	Brooklyn Nets	112	117	Atlanta Hawks	55	66
NBA	30.10.2025	Chicago Bulls	126	113	Sacramento Kings	65	66
NBA	30.10.2025	Dallas Mavericks	107	105	Indiana Pacers	52	55
NBA	30.10.2025	Denver Nuggets	122	88	New Orleans Pelicans	55	47
NBA	30.10.2025	Utah Jazz	134	136	Portland Trail Blazers	73	79
NBA	30.10.2025	Minnesota Timberwolves	115	116	Los Angeles Lakers	58	62
NBA	30.10.2025	Phoenix Suns	113	114	Memphis Grizzlies	53	49
NBA	31.10.2025	Charlotte Hornets	107	123	Orlando Magic	58	71
NBA	31.10.2025	Milwaukee Bucks	120	110	Golden State Warriors	60	58
NBA	31.10.2025	Oklahoma City Thunder	127	108	Washington Wizards	59	49
NBA	31.10.2025	San Antonio Spurs	107	101	Miami Heat	59	58
NBA	01.11.2025	Indiana Pacers	108	128	Atlanta Hawks	59	63
NBA	01.11.2025	Philadelphia 76ers	108	109	Boston Celtics	57	68
NBA	01.11.2025	Cleveland Cavaliers	101	112	Toronto Raptors	43	48
NBA	01.11.2025	Chicago Bulls	135	125	New York Knicks	72	53
NBA	01.11.2025	Memphis Grizzlies	112	117	Los Angeles Lakers	69	55
NBA	01.11.2025	Phoenix Suns	118	96	Utah Jazz	54	40
NBA	01.11.2025	Portland Trail Blazers	109	107	Denver Nuggets	53	57
NBA	01.11.2025	Los Angeles Clippers	126	124	New Orleans Pelicans	67	59
NBA	02.11.2025	Milwaukee Bucks	133	135	Sacramento Kings	71	70
NBA	02.11.2025	Charlotte Hornets	105	122	Minnesota Timberwolves	56	50
NBA	02.11.2025	Indiana Pacers	114	109	Golden State Warriors	53	58
NBA	02.11.2025	Washington Wizards	94	125	Orlando Magic	56	75
NBA	02.11.2025	Boston Celtics	101	128	Houston Rockets	48	66
NBA	02.11.2025	Detroit Pistons	122	110	Dallas Mavericks	59	61
NBA	03.11.2025	Brooklyn Nets	105	129	Philadelphia 76ers	55	73
NBA	03.11.2025	Charlotte Hornets	126	103	Utah Jazz	71	48
NBA	03.11.2025	Cleveland Cavaliers	117	109	Atlanta Hawks	50	52
NBA	03.11.2025	Toronto Raptors	117	104	Memphis Grizzlies	53	47
NBA	03.11.2025	New York Knicks	128	116	Chicago Bulls	68	60
NBA	03.11.2025	Phoenix Suns	130	118	San Antonio Spurs	70	52
NBA	03.11.2025	Los Angeles Lakers	130	120	Miami Heat	77	63
NBA	04.11.2025	Brooklyn Nets	109	125	Minnesota Timberwolves	59	63
NBA	04.11.2025	Indiana Pacers	115	117	Milwaukee Bucks	53	56
NBA	04.11.2025	Boston Celtics	103	105	Utah Jazz	46	36
NBA	04.11.2025	New York Knicks	119	102	Washington Wizards	57	54
NBA	04.11.2025	Houston Rockets	110	102	Dallas Mavericks	58	55
NBA	04.11.2025	Memphis Grizzlies	106	114	Detroit Pistons	48	58
NBA	04.11.2025	Denver Nuggets	130	124	Sacramento Kings	72	63
NBA	04.11.2025	Portland Trail Blazers	115	123	Los Angeles Lakers	53	52
NBA	04.11.2025	Los Angeles Clippers	119	120	Miami Heat	71	66
NBA	05.11.2025	Toronto Raptors	128	100	Milwaukee Bucks	73	54
NBA	05.11.2025	Atlanta Hawks	127	112	Orlando Magic	64	47
NBA	05.11.2025	Chicago Bulls	113	111	Philadelphia 76ers	56	75
NBA	05.11.2025	New Orleans Pelicans	116	112	Charlotte Hornets	61	59
NBA	05.11.2025	Golden State Warriors	118	107	Phoenix Suns	68	49
NBA	05.11.2025	Los Angeles Clippers	107	126	Oklahoma City Thunder	57	56
NBA	06.11.2025	Cleveland Cavaliers	132	121	Philadelphia 76ers	70	67
NBA	06.11.2025	Detroit Pistons	114	103	Utah Jazz	53	55
NBA	06.11.2025	Indiana Pacers	103	112	Brooklyn Nets	59	54
NBA	06.11.2025	Boston Celtics	136	107	Washington Wizards	70	60
NBA	06.11.2025	New York Knicks	137	114	Minnesota Timberwolves	54	58
NBA	06.11.2025	Memphis Grizzlies	109	124	Houston Rockets	51	60
NBA	06.11.2025	Dallas Mavericks	99	101	New Orleans Pelicans	49	52
NBA	06.11.2025	Denver Nuggets	122	112	Miami Heat	68	60
NBA	06.11.2025	Los Angeles Lakers	118	117	San Antonio Spurs	60	59
NBA	06.11.2025	Portland Trail Blazers	121	119	Oklahoma City Thunder	57	65
NBA	06.11.2025	Sacramento Kings	121	116	Golden State Warriors	57	62
NBA	07.11.2025	Phoenix Suns	115	102	Los Angeles Clippers	48	51
NBA	08.11.2025	Orlando Magic	123	110	Boston Celtics	59	51
NBA	08.11.2025	Washington Wizards	114	148	Cleveland Cavaliers	59	76
NBA	08.11.2025	Atlanta Hawks	97	109	Toronto Raptors	53	44
NBA	08.11.2025	Brooklyn Nets	107	125	Detroit Pistons	55	60
NBA	08.11.2025	San Antonio Spurs	121	110	Houston Rockets	51	50
NBA	08.11.2025	Memphis Grizzlies	118	104	Dallas Mavericks	74	51
NBA	08.11.2025	Miami Heat	126	108	Charlotte Hornets	72	69
NBA	08.11.2025	Milwaukee Bucks	126	110	Chicago Bulls	53	52
NBA	08.11.2025	Minnesota Timberwolves	137	97	Utah Jazz	79	45
NBA	08.11.2025	Denver Nuggets	129	104	Golden State Warriors	66	49
NBA	08.11.2025	Sacramento Kings	101	132	Oklahoma City Thunder	56	70
NBA	09.11.2025	Washington Wizards	105	111	Dallas Mavericks	53	57
NBA	09.11.2025	Philadelphia 76ers	130	120	Toronto Raptors	68	63
NBA	09.11.2025	Atlanta Hawks	122	102	Los Angeles Lakers	68	54
NBA	09.11.2025	Cleveland Cavaliers	128	122	Chicago Bulls	56	72
NBA	09.11.2025	Miami Heat	136	131	Portland Trail Blazers	72	65
NBA	09.11.2025	San Antonio Spurs	126	119	New Orleans Pelicans	66	58
NBA	09.11.2025	Denver Nuggets	117	100	Indiana Pacers	56	47
NBA	09.11.2025	Los Angeles Clippers	103	114	Phoenix Suns	46	60
NBA	10.11.2025	Memphis Grizzlies	100	114	Oklahoma City Thunder	62	51
NBA	10.11.2025	New York Knicks	134	98	Brooklyn Nets	77	62
NBA	10.11.2025	Orlando Magic	107	111	Boston Celtics	54	54
NBA	10.11.2025	Philadelphia 76ers	108	111	Detroit Pistons	64	54
NBA	10.11.2025	Golden State Warriors	114	83	Indiana Pacers	48	41
NBA	10.11.2025	Sacramento Kings	117	144	Minnesota Timberwolves	54	71
NBA	11.11.2025	Charlotte Hornets	111	121	Los Angeles Lakers	63	65
NBA	11.11.2025	Detroit Pistons	137	135	Washington Wizards	67	61
NBA	11.11.2025	Orlando Magic	115	112	Portland Trail Blazers	59	56
NBA	11.11.2025	Miami Heat	140	138	Cleveland Cavaliers	62	53
NBA	11.11.2025	Chicago Bulls	117	121	San Antonio Spurs	64	63
NBA	11.11.2025	Dallas Mavericks	114	116	Milwaukee Bucks	57	53
NBA	11.11.2025	Phoenix Suns	121	98	New Orleans Pelicans	64	41
NBA	11.11.2025	Utah Jazz	113	120	Minnesota Timberwolves	55	53
NBA	11.11.2025	Los Angeles Clippers	102	105	Atlanta Hawks	52	52
NBA	12.11.2025	Brooklyn Nets	109	119	Toronto Raptors	52	60
NBA	12.11.2025	New York Knicks	133	120	Memphis Grizzlies	77	54
NBA	12.11.2025	Oklahoma City Thunder	126	102	Golden State Warriors	63	44
NBA	12.11.2025	Philadelphia 76ers	102	100	Boston Celtics	51	41
NBA	12.11.2025	Utah Jazz	152	128	Indiana Pacers	70	57
NBA	12.11.2025	Sacramento Kings	108	122	Denver Nuggets	56	60
NBA	13.11.2025	Charlotte Hornets	111	100	Milwaukee Bucks	59	50
NBA	13.11.2025	Detroit Pistons	124	113	Chicago Bulls	68	52
NBA	13.11.2025	New York Knicks	107	124	Orlando Magic	42	62
NBA	13.11.2025	Boston Celtics	131	95	Memphis Grizzlies	67	46
NBA	13.11.2025	Miami Heat	116	130	Cleveland Cavaliers	69	66
NBA	13.11.2025	Houston Rockets	135	112	Washington Wizards	81	54
NBA	13.11.2025	New Orleans Pelicans	117	125	Portland Trail Blazers	59	57
NBA	13.11.2025	San Antonio Spurs	120	125	Golden State Warriors	56	49
NBA	13.11.2025	Dallas Mavericks	114	123	Phoenix Suns	53	63
NBA	13.11.2025	Oklahoma City Thunder	121	92	Los Angeles Lakers	70	38
NBA	13.11.2025	Sacramento Kings	100	133	Atlanta Hawks	46	66
NBA	14.11.2025	Cleveland Cavaliers	113	126	Toronto Raptors	54	67
NBA	14.11.2025	Phoenix Suns	133	98	Indiana Pacers	70	52
NBA	14.11.2025	Utah Jazz	122	132	Atlanta Hawks	67	80
NBA	15.11.2025	New York Knicks	140	132	Miami Heat	78	68
NBA	15.11.2025	Orlando Magic	105	98	Brooklyn Nets	54	58
NBA	15.11.2025	Detroit Pistons	114	105	Philadelphia 76ers	63	54
NBA	15.11.2025	Houston Rockets	140	116	Portland Trail Blazers	69	60
NBA	15.11.2025	Milwaukee Bucks	147	134	Charlotte Hornets	61	69
NBA	15.11.2025	Minnesota Timberwolves	124	110	Sacramento Kings	61	61
NBA	15.11.2025	New Orleans Pelicans	104	118	Los Angeles Lakers	52	65
NBA	15.11.2025	Dallas Mavericks	127	133	Los Angeles Clippers	55	62
NBA	15.11.2025	San Antonio Spurs	108	109	Golden State Warriors	45	47
NBA	16.11.2025	Cleveland Cavaliers	108	100	Memphis Grizzlies	54	61
NBA	16.11.2025	Charlotte Hornets	96	109	Oklahoma City Thunder	52	55
NBA	16.11.2025	Indiana Pacers	111	129	Toronto Raptors	53	62
NBA	16.11.2025	Milwaukee Bucks	95	119	Los Angeles Lakers	34	65
NBA	16.11.2025	Minnesota Timberwolves	112	123	Denver Nuggets	60	55
NBA	16.11.2025	Boston Celtics	121	118	Los Angeles Clippers	63	49
NBA	17.11.2025	San Antonio Spurs	123	110	Sacramento Kings	67	59
NBA	17.11.2025	Washington Wizards	106	129	Brooklyn Nets	53	63
NBA	17.11.2025	Houston Rockets	117	113	Orlando Magic	46	55
NBA	17.11.2025	New Orleans Pelicans	106	124	Golden State Warriors	49	61
NBA	17.11.2025	Dallas Mavericks	138	133	Portland Trail Blazers	57	61
NBA	17.11.2025	Phoenix Suns	122	124	Atlanta Hawks	58	57
NBA	17.11.2025	Utah Jazz	150	147	Chicago Bulls	61	70
NBA	18.11.2025	Cleveland Cavaliers	118	106	Milwaukee Bucks	59	57
NBA	18.11.2025	Detroit Pistons	127	112	Indiana Pacers	62	46
NBA	18.11.2025	Philadelphia 76ers	110	108	Los Angeles Clippers	46	56
NBA	18.11.2025	Miami Heat	115	113	New York Knicks	55	51
NBA	18.11.2025	Toronto Raptors	110	108	Charlotte Hornets	57	52
NBA	18.11.2025	Minnesota Timberwolves	120	96	Dallas Mavericks	61	44
NBA	18.11.2025	New Orleans Pelicans	109	126	Oklahoma City Thunder	56	69
NBA	18.11.2025	Denver Nuggets	127	130	Chicago Bulls	64	63
NBA	19.11.2025	Orlando Magic	121	113	Golden State Warriors	67	60
NBA	19.11.2025	Atlanta Hawks	112	120	Detroit Pistons	54	67
NBA	19.11.2025	Brooklyn Nets	99	113	Boston Celtics	61	62
NBA	19.11.2025	San Antonio Spurs	111	101	Memphis Grizzlies	49	47
NBA	19.11.2025	Los Angeles Lakers	140	126	Utah Jazz	67	71
NBA	19.11.2025	Portland Trail Blazers	110	127	Phoenix Suns	61	64
NBA	20.11.2025	Cleveland Cavaliers	104	114	Houston Rockets	40	57
NBA	20.11.2025	Indiana Pacers	127	118	Charlotte Hornets	70	54
NBA	20.11.2025	Philadelphia 76ers	112	121	Toronto Raptors	56	53
NBA	20.11.2025	Miami Heat	110	96	Golden State Warriors	49	45
NBA	20.11.2025	Minnesota Timberwolves	120	109	Washington Wizards	71	46
NBA	20.11.2025	New Orleans Pelicans	118	125	Denver Nuggets	58	62
NBA	20.11.2025	Oklahoma City Thunder	113	99	Sacramento Kings	58	53
NBA	20.11.2025	Dallas Mavericks	111	113	New York Knicks	50	52
NBA	20.11.2025	Portland Trail Blazers	121	122	Chicago Bulls	58	62
NBA	21.11.2025	Orlando Magic	129	101	Los Angeles Clippers	61	49
NBA	21.11.2025	Memphis Grizzlies	137	96	Sacramento Kings	75	47
NBA	21.11.2025	Milwaukee Bucks	114	123	Philadelphia 76ers	57	55
NBA	21.11.2025	San Antonio Spurs	135	126	Atlanta Hawks	74	60
NBA	22.11.2025	Cleveland Cavaliers	120	109	Indiana Pacers	62	55
NBA	22.11.2025	Boston Celtics	105	113	Brooklyn Nets	53	62
NBA	22.11.2025	Toronto Raptors	140	110	Washington Wizards	57	47
NBA	22.11.2025	Chicago Bulls	107	143	Miami Heat	52	70
NBA	22.11.2025	Dallas Mavericks	118	115	New Orleans Pelicans	49	63
NBA	22.11.2025	Phoenix Suns	114	113	Minnesota Timberwolves	62	49
NBA	22.11.2025	Houston Rockets	109	112	Denver Nuggets	49	46
NBA	22.11.2025	Golden State Warriors	123	127	Portland Trail Blazers	72	65
NBA	22.11.2025	Utah Jazz	112	144	Oklahoma City Thunder	68	67
NBA	22.11.2025	Charlotte Hornets	116	131	Los Angeles Clippers	57	62
NBA	23.11.2025	Orlando Magic	133	121	New York Knicks	64	66
NBA	23.11.2025	New Orleans Pelicans	98	115	Atlanta Hawks	46	56
NBA	23.11.2025	Chicago Bulls	121	120	Washington Wizards	64	70
NBA	23.11.2025	Milwaukee Bucks	116	129	Detroit Pistons	52	69
NBA	23.11.2025	Dallas Mavericks	96	102	Memphis Grizzlies	47	43
NBA	23.11.2025	Denver Nuggets	123	128	Sacramento Kings	65	61
NBA	23.11.2025	Philadelphia 76ers	117	127	Miami Heat	67	71
NBA	24.11.2025	Atlanta Hawks	113	110	Charlotte Hornets	53	55
NBA	24.11.2025	Boston Celtics	138	129	Orlando Magic	80	57
NBA	24.11.2025	Cleveland Cavaliers	120	105	Los Angeles Clippers	59	52
NBA	24.11.2025	Toronto Raptors	119	109	Brooklyn Nets	65	58
NBA	24.11.2025	Oklahoma City Thunder	122	95	Portland Trail Blazers	67	46
NBA	24.11.2025	Phoenix Suns	111	102	San Antonio Spurs	49	56
NBA	24.11.2025	Utah Jazz	106	108	Los Angeles Lakers	55	62
NBA	25.11.2025	Indiana Pacers	117	122	Detroit Pistons	55	71
NBA	25.11.2025	Toronto Raptors	110	99	Cleveland Cavaliers	57	44
NBA	25.11.2025	Brooklyn Nets	100	113	New York Knicks	48	51
NBA	25.11.2025	Miami Heat	106	102	Dallas Mavericks	52	44
NBA	25.11.2025	Memphis Grizzlies	115	125	Denver Nuggets	54	62
NBA	25.11.2025	Milwaukee Bucks	103	115	Portland Trail Blazers	53	65
NBA	25.11.2025	New Orleans Pelicans	143	130	Chicago Bulls	74	58
NBA	25.11.2025	Phoenix Suns	92	114	Houston Rockets	50	59
NBA	25.11.2025	Golden State Warriors	134	117	Utah Jazz	67	55
NBA	25.11.2025	Sacramento Kings	117	112	Minnesota Timberwolves	46	54
NBA	26.11.2025	Washington Wizards	132	113	Atlanta Hawks	77	55
NBA	26.11.2025	Philadelphia 76ers	103	144	Orlando Magic	60	86
NBA	26.11.2025	Los Angeles Lakers	165	118	Los Angeles Clippers	69	66
NBA	27.11.2025	Boston Celtics	117	114	Detroit Pistons	57	58
NBA	27.11.2025	Charlotte Hornets	101	129	New York Knicks	47	72
NBA	27.11.2025	Miami Heat	106	103	Milwaukee Bucks	53	47
NBA	27.11.2025	Oklahoma City Thunder	113	105	Minnesota Timberwolves	49	39
NBA	27.11.2025	Toronto Raptors	97	95	Indiana Pacers	50	49
NBA	27.11.2025	New Orleans Pelicans	128	133	Memphis Grizzlies	68	53
NBA	27.11.2025	Golden State Warriors	100	104	Houston Rockets	59	47
NBA	27.11.2025	Portland Trail Blazers	102	115	San Antonio Spurs	54	56
NBA	27.11.2025	Sacramento Kings	100	112	Phoenix Suns	45	67
NBA	29.11.2025	Atlanta Hawks	130	123	Cleveland Cavaliers	60	62
NBA	29.11.2025	Brooklyn Nets	103	115	Philadelphia 76ers	48	63
NBA	29.11.2025	Charlotte Hornets	123	116	Chicago Bulls	67	62
NBA	29.11.2025	Detroit Pistons	109	112	Orlando Magic	58	59
NBA	29.11.2025	Indiana Pacers	119	86	Washington Wizards	64	52
NBA	29.11.2025	New York Knicks	118	109	Milwaukee Bucks	61	62
NBA	29.11.2025	Denver Nuggets	136	139	San Antonio Spurs	74	59
NBA	29.11.2025	Oklahoma City Thunder	123	119	Phoenix Suns	56	52
NBA	29.11.2025	Utah Jazz	128	119	Sacramento Kings	62	51
NBA	29.11.2025	Los Angeles Clippers	107	112	Memphis Grizzlies	63	50
NBA	29.11.2025	Los Angeles Lakers	129	119	Dallas Mavericks	60	62
NBA	30.11.2025	Minnesota Timberwolves	119	115	Boston Celtics	59	69
NBA	30.11.2025	Charlotte Hornets	118	111	Toronto Raptors	52	58
NBA	30.11.2025	Indiana Pacers	103	101	Chicago Bulls	61	54
NBA	30.11.2025	Miami Heat	135	138	Detroit Pistons	59	71
NBA	30.11.2025	Milwaukee Bucks	116	99	Brooklyn Nets	71	53
NBA	30.11.2025	Golden State Warriors	104	96	New Orleans Pelicans	42	38
NBA	30.11.2025	Phoenix Suns	112	130	Denver Nuggets	60	63
NBA	30.11.2025	Los Angeles Clippers	110	114	Dallas Mavericks	56	49
NBA	30.11.2025	Utah Jazz	101	129	Houston Rockets	48	67
NBA	01.12.2025	Cleveland Cavaliers	115	117	Boston Celtics	51	58
NBA	01.12.2025	New York Knicks	116	94	Toronto Raptors	59	52
NBA	01.12.2025	Philadelphia 76ers	134	142	Atlanta Hawks	58	57
NBA	01.12.2025	Portland Trail Blazers	115	123	Oklahoma City Thunder	55	54
NBA	01.12.2025	Minnesota Timberwolves	125	112	San Antonio Spurs	61	62
NBA	01.12.2025	Sacramento Kings	107	115	Memphis Grizzlies	59	62
NBA	01.12.2025	Los Angeles Lakers	133	121	New Orleans Pelicans	77	57
NBA	02.12.2025	Detroit Pistons	99	98	Atlanta Hawks	50	49
NBA	02.12.2025	Indiana Pacers	119	135	Cleveland Cavaliers	54	66
NBA	02.12.2025	Washington Wizards	129	126	Milwaukee Bucks	58	66
NBA	02.12.2025	Brooklyn Nets	116	103	Charlotte Hornets	59	59
NBA	02.12.2025	Miami Heat	140	123	Los Angeles Clippers	76	56
NBA	02.12.2025	Orlando Magic	125	120	Chicago Bulls	53	53
NBA	02.12.2025	Denver Nuggets	121	131	Dallas Mavericks	68	69
NBA	02.12.2025	Utah Jazz	133	125	Houston Rockets	68	57
NBA	02.12.2025	Los Angeles Lakers	108	125	Phoenix Suns	52	66
NBA	03.12.2025	Philadelphia 76ers	121	102	Washington Wizards	66	54
NBA	03.12.2025	Toronto Raptors	121	118	Portland Trail Blazers	65	59
NBA	03.12.2025	Boston Celtics	123	117	New York Knicks	58	52
NBA	03.12.2025	New Orleans Pelicans	142	149	Minnesota Timberwolves	68	58
NBA	03.12.2025	San Antonio Spurs	126	119	Memphis Grizzlies	63	59
NBA	03.12.2025	Golden State Warriors	112	124	Oklahoma City Thunder	44	63
NBA	04.12.2025	Cleveland Cavaliers	110	122	Portland Trail Blazers	58	68
NBA	04.12.2025	Indiana Pacers	120	135	Denver Nuggets	48	72
NBA	04.12.2025	Orlando Magic	112	114	San Antonio Spurs	49	58
NBA	04.12.2025	Atlanta Hawks	92	115	Los Angeles Clippers	41	55
NBA	04.12.2025	New York Knicks	119	104	Charlotte Hornets	53	47
NBA	04.12.2025	Chicago Bulls	103	113	Brooklyn Nets	44	54
NBA	04.12.2025	Houston Rockets	121	95	Sacramento Kings	51	52
NBA	04.12.2025	Milwaukee Bucks	113	109	Detroit Pistons	49	52
NBA	04.12.2025	Dallas Mavericks	118	108	Miami Heat	64	54
NBA	05.12.2025	Philadelphia 76ers	99	98	Golden State Warriors	56	34
NBA	05.12.2025	Washington Wizards	101	146	Boston Celtics	59	66
NBA	05.12.2025	Brooklyn Nets	110	123	Utah Jazz	58	49
NBA	05.12.2025	Toronto Raptors	120	123	Los Angeles Lakers	58	67
NBA	05.12.2025	New Orleans Pelicans	116	125	Minnesota Timberwolves	62	62
NBA	06.12.2025	Boston Celtics	126	105	Los Angeles Lakers	69	46
NBA	06.12.2025	Orlando Magic	106	105	Miami Heat	57	60
NBA	06.12.2025	Atlanta Hawks	133	134	Denver Nuggets	73	54
NBA	06.12.2025	Cleveland Cavaliers	130	117	San Antonio Spurs	64	72
NBA	06.12.2025	Detroit Pistons	122	116	Portland Trail Blazers	65	58
NBA	06.12.2025	New York Knicks	146	112	Utah Jazz	68	47
NBA	06.12.2025	Toronto Raptors	86	111	Charlotte Hornets	42	53
NBA	06.12.2025	Chicago Bulls	105	120	Indiana Pacers	57	62
NBA	06.12.2025	Houston Rockets	117	98	Phoenix Suns	68	58
NBA	06.12.2025	Memphis Grizzlies	107	98	Los Angeles Clippers	54	58
NBA	06.12.2025	Milwaukee Bucks	101	116	Philadelphia 76ers	49	69
NBA	06.12.2025	Oklahoma City Thunder	132	111	Dallas Mavericks	63	48
NBA	07.12.2025	Brooklyn Nets	119	101	New Orleans Pelicans	62	44
NBA	07.12.2025	Washington Wizards	116	131	Atlanta Hawks	55	70
NBA	07.12.2025	Cleveland Cavaliers	94	99	Golden State Warriors	36	45
NBA	07.12.2025	Detroit Pistons	124	112	Milwaukee Bucks	61	56
NBA	07.12.2025	Miami Heat	111	127	Sacramento Kings	55	72
NBA	07.12.2025	Minnesota Timberwolves	109	106	Los Angeles Clippers	42	56
NBA	07.12.2025	Dallas Mavericks	122	109	Houston Rockets	57	57
NBA	07.12.2025	New York Knicks	106	100	Orlando Magic	54	55
NBA	07.12.2025	Toronto Raptors	113	121	Boston Celtics	59	77
NBA	08.12.2025	Charlotte Hornets	106	115	Denver Nuggets	58	57
NBA	08.12.2025	Memphis Grizzlies	119	96	Portland Trail Blazers	66	46
NBA	08.12.2025	Chicago Bulls	91	123	Golden State Warriors	46	60
NBA	08.12.2025	Philadelphia 76ers	108	112	Los Angeles Lakers	60	53
NBA	08.12.2025	Utah Jazz	101	131	Oklahoma City Thunder	48	74
NBA	09.12.2025	Indiana Pacers	116	105	Sacramento Kings	66	51
NBA	09.12.2025	Minnesota Timberwolves	105	108	Phoenix Suns	57	61
NBA	09.12.2025	New Orleans Pelicans	132	135	San Antonio Spurs	57	77
NBA	10.12.2025	Orlando Magic	117	108	Miami Heat	56	57
NBA	10.12.2025	Toronto Raptors	101	117	New York Knicks	52	69
NBA	11.12.2025	Oklahoma City Thunder	138	89	Phoenix Suns	74	48
NBA	11.12.2025	Los Angeles Lakers	119	132	San Antonio Spurs	58	70
NBA	12.12.2025	Houston Rockets	115	113	Los Angeles Clippers	51	54
NBA	12.12.2025	Milwaukee Bucks	116	101	Boston Celtics	60	67
NBA	12.12.2025	New Orleans Pelicans	143	120	Portland Trail Blazers	70	68
NBA	12.12.2025	Sacramento Kings	105	136	Denver Nuggets	54	77
NBA	13.12.2025	Charlotte Hornets	126	129	Chicago Bulls	61	55
NBA	13.12.2025	Detroit Pistons	142	115	Atlanta Hawks	69	60
NBA	13.12.2025	Philadelphia 76ers	115	105	Indiana Pacers	63	58
NBA	13.12.2025	Washington Wizards	126	130	Cleveland Cavaliers	60	62
NBA	13.12.2025	Memphis Grizzlies	126	130	Utah Jazz	64	61
NBA	13.12.2025	Dallas Mavericks	119	111	Brooklyn Nets	65	61
NBA	13.12.2025	Golden State Warriors	120	127	Minnesota Timberwolves	63	61
NBA	14.12.2025	Orlando Magic	120	132	New York Knicks	64	71
NBA	14.12.2025	Oklahoma City Thunder	109	111	San Antonio Spurs	49	46
NBA	18.12.2025	Chicago Bulls			Cleveland Cavaliers		
NBA	18.12.2025	Minnesota Timberwolves			Memphis Grizzlies		
NBA	18.12.2025	Oklahoma City Thunder			Los Angeles Clippers		
NBA	18.12.2025	San Antonio Spurs			Washington Wizards		
NBA	19.12.2025	Charlotte Hornets			Atlanta Hawks		
NBA	19.12.2025	Indiana Pacers			New York Knicks		
NBA	19.12.2025	Brooklyn Nets			Miami Heat		
NBA	19.12.2025	Milwaukee Bucks			Toronto Raptors		
NBA	19.12.2025	New Orleans Pelicans			Houston Rockets		
NBA	19.12.2025	Dallas Mavericks			Detroit Pistons		
NBA	19.12.2025	Denver Nuggets			Orlando Magic		
NBA	19.12.2025	Phoenix Suns			Golden State Warriors		
NBA	19.12.2025	Utah Jazz			Los Angeles Lakers		
NBA	19.12.2025	Portland Trail Blazers			Sacramento Kings		
NBA	20.12.2025	Boston Celtics			Miami Heat		
NBA	20.12.2025	New York Knicks			Philadelphia 76ers		
NBA	20.12.2025	Atlanta Hawks			San Antonio Spurs		
NBA	20.12.2025	Cleveland Cavaliers			Chicago Bulls		
NBA	20.12.2025	Minnesota Timberwolves			Oklahoma City Thunder		
NBA	21.12.2025	Denver Nuggets			Houston Rockets		
NBA	21.12.2025	New Orleans Pelicans			Indiana Pacers		
NBA	21.12.2025	Philadelphia 76ers			Dallas Mavericks		
NBA	21.12.2025	Toronto Raptors			Boston Celtics		
NBA	21.12.2025	Detroit Pistons			Charlotte Hornets		
NBA	21.12.2025	Memphis Grizzlies			Washington Wizards		
NBA	21.12.2025	Golden State Warriors			Phoenix Suns		
NBA	21.12.2025	Utah Jazz			Orlando Magic		
NBA	21.12.2025	Sacramento Kings			Portland Trail Blazers		
NBA	21.12.2025	Los Angeles Clippers			Los Angeles Lakers		
NBA	21.12.2025	Atlanta Hawks			Chicago Bulls		
NBA	22.12.2025	Brooklyn Nets			Toronto Raptors		
NBA	22.12.2025	New York Knicks			Miami Heat		
NBA	22.12.2025	Minnesota Timberwolves			Milwaukee Bucks		
NBA	22.12.2025	Washington Wizards			San Antonio Spurs		
NBA	22.12.2025	Sacramento Kings			Houston Rockets		
NBA	23.12.2025	Cleveland Cavaliers			Charlotte Hornets		
NBA	23.12.2025	Boston Celtics			Indiana Pacers		
NBA	23.12.2025	New Orleans Pelicans			Dallas Mavericks		
NBA	23.12.2025	Denver Nuggets			Utah Jazz		
NBA	23.12.2025	Oklahoma City Thunder			Memphis Grizzlies		
NBA	23.12.2025	Golden State Warriors			Orlando Magic		
NBA	23.12.2025	Portland Trail Blazers			Detroit Pistons		
NBA	24.12.2025	Charlotte Hornets			Washington Wizards		
NBA	24.12.2025	Philadelphia 76ers			Brooklyn Nets		
NBA	24.12.2025	Atlanta Hawks			Chicago Bulls		
NBA	24.12.2025	Cleveland Cavaliers			New Orleans Pelicans		
NBA	24.12.2025	Indiana Pacers			Milwaukee Bucks		
NBA	24.12.2025	Miami Heat			Toronto Raptors		
NBA	24.12.2025	Dallas Mavericks			Denver Nuggets		
NBA	24.12.2025	Minnesota Timberwolves			New York Knicks		
NBA	24.12.2025	San Antonio Spurs			Oklahoma City Thunder		
NBA	24.12.2025	Phoenix Suns			Los Angeles Lakers		
NBA	24.12.2025	Utah Jazz			Memphis Grizzlies		
NBA	24.12.2025	Portland Trail Blazers			Orlando Magic		
NBA	24.12.2025	Sacramento Kings			Detroit Pistons		
NBA	24.12.2025	Los Angeles Clippers			Houston Rockets		
NBA	25.12.2025	New York Knicks			Cleveland Cavaliers		
NBA	25.12.2025	Oklahoma City Thunder			San Antonio Spurs		
NBA	26.12.2025	Golden State Warriors			Dallas Mavericks		
NBA	26.12.2025	Los Angeles Lakers			Houston Rockets		
NBA	26.12.2025	Denver Nuggets			Minnesota Timberwolves		
NBA	27.12.2025	Atlanta Hawks			Miami Heat		
NBA	27.12.2025	Orlando Magic			Charlotte Hornets		
NBA	27.12.2025	Washington Wizards			Toronto Raptors		
NBA	27.12.2025	Indiana Pacers			Boston Celtics		
NBA	27.12.2025	Chicago Bulls			Philadelphia 76ers		
NBA	27.12.2025	Memphis Grizzlies			Milwaukee Bucks		
NBA	27.12.2025	New Orleans Pelicans			Phoenix Suns		
NBA	27.12.2025	Utah Jazz			Detroit Pistons		
NBA	27.12.2025	Portland Trail Blazers			Los Angeles Clippers		
NBA	28.12.2025	Sacramento Kings			Dallas Mavericks		
NBA	28.12.2025	New Orleans Pelicans			Phoenix Suns		
NBA	28.12.2025	Orlando Magic			Denver Nuggets		
NBA	28.12.2025	Atlanta Hawks			New York Knicks		
NBA	28.12.2025	Chicago Bulls			Milwaukee Bucks		
NBA	28.12.2025	Houston Rockets			Cleveland Cavaliers		
NBA	28.12.2025	Miami Heat			Indiana Pacers		
NBA	28.12.2025	Minnesota Timberwolves			Brooklyn Nets		
NBA	28.12.2025	San Antonio Spurs			Utah Jazz		
NBA	28.12.2025	Oklahoma City Thunder			Philadelphia 76ers		
NBA	28.12.2025	Toronto Raptors			Golden State Warriors		
NBA	29.12.2025	Portland Trail Blazers			Boston Celtics		
NBA	29.12.2025	Washington Wizards			Memphis Grizzlies		
NBA	29.12.2025	Los Angeles Clippers			Detroit Pistons		
NBA	29.12.2025	Los Angeles Lakers			Sacramento Kings		
NBA	30.12.2025	Charlotte Hornets			Milwaukee Bucks		
NBA	30.12.2025	Washington Wizards			Phoenix Suns		
NBA	30.12.2025	Brooklyn Nets			Golden State Warriors		
NBA	30.12.2025	Miami Heat			Denver Nuggets		
NBA	30.12.2025	Toronto Raptors			Orlando Magic		
NBA	30.12.2025	Chicago Bulls			Minnesota Timberwolves		
NBA	30.12.2025	Houston Rockets			Indiana Pacers		
NBA	30.12.2025	New Orleans Pelicans			New York Knicks		
NBA	30.12.2025	Oklahoma City Thunder			Atlanta Hawks		
NBA	30.12.2025	San Antonio Spurs			Cleveland Cavaliers		
NBA	30.12.2025	Portland Trail Blazers			Dallas Mavericks		
NBA	31.12.2025	Memphis Grizzlies			Philadelphia 76ers		
NBA	31.12.2025	Utah Jazz			Boston Celtics		
NBA	31.12.2025	Los Angeles Lakers			Detroit Pistons		
NBA	31.12.2025	Los Angeles Clippers			Sacramento Kings		
NBA	31.12.2025	Charlotte Hornets			Golden State Warriors		
NBA	31.12.2025	Atlanta Hawks			Minnesota Timberwolves		
NBA	31.12.2025	Indiana Pacers			Orlando Magic		
NBA	31.12.2025	Cleveland Cavaliers			Phoenix Suns		
NBA	01.01.2026	Chicago Bulls			New Orleans Pelicans		
NBA	01.01.2026	San Antonio Spurs			New York Knicks		
NBA	01.01.2026	Toronto Raptors			Denver Nuggets		
NBA	01.01.2026	Milwaukee Bucks			Washington Wizards		
NBA	01.01.2026	Oklahoma City Thunder			Portland Trail Blazers		
NBA	02.01.2026	Brooklyn Nets			Houston Rockets		
NBA	02.01.2026	Detroit Pistons			Miami Heat		
NBA	02.01.2026	Dallas Mavericks			Philadelphia 76ers		
NBA	02.01.2026	Sacramento Kings			Boston Celtics		
NBA	02.01.2026	Los Angeles Clippers			Utah Jazz		
NBA	03.01.2026	Indiana Pacers			San Antonio Spurs		
NBA	03.01.2026	Washington Wizards			Brooklyn Nets		
NBA	03.01.2026	Cleveland Cavaliers			Denver Nuggets		
NBA	03.01.2026	New York Knicks			Atlanta Hawks		
NBA	03.01.2026	Chicago Bulls			Orlando Magic		
NBA	03.01.2026	Milwaukee Bucks			Charlotte Hornets		
NBA	03.01.2026	New Orleans Pelicans			Portland Trail Blazers		
NBA	03.01.2026	Phoenix Suns			Sacramento Kings		
NBA	03.01.2026	Golden State Warriors			Oklahoma City Thunder		
NBA	03.01.2026	Los Angeles Lakers			Memphis Grizzlies		
NBA	04.01.2026	Miami Heat			Minnesota Timberwolves		
NBA	04.01.2026	New York Knicks			Philadelphia 76ers		
NBA	04.01.2026	Toronto Raptors			Atlanta Hawks		
NBA	04.01.2026	Chicago Bulls			Charlotte Hornets		
NBA	04.01.2026	San Antonio Spurs			Portland Trail Blazers		
NBA	04.01.2026	Dallas Mavericks			Houston Rockets		
NBA	04.01.2026	Golden State Warriors			Utah Jazz		
NBA	04.01.2026	Los Angeles Clippers			Boston Celtics		
NBA	04.01.2026	Cleveland Cavaliers			Detroit Pistons		
NBA	04.01.2026	Orlando Magic			Indiana Pacers		
NBA	05.01.2026	Miami Heat			New Orleans Pelicans		
NBA	05.01.2026	Washington Wizards			Minnesota Timberwolves		
NBA	05.01.2026	Phoenix Suns			Oklahoma City Thunder		
NBA	05.01.2026	Sacramento Kings			Milwaukee Bucks		
NBA	05.01.2026	Los Angeles Lakers			Memphis Grizzlies		
NBA	06.01.2026	Detroit Pistons			New York Knicks		
NBA	06.01.2026	Boston Celtics			Chicago Bulls		
NBA	06.01.2026	Toronto Raptors			Atlanta Hawks		
NBA	06.01.2026	Houston Rockets			Phoenix Suns		
NBA	06.01.2026	Oklahoma City Thunder			Charlotte Hornets		
NBA	06.01.2026	Philadelphia 76ers			Denver Nuggets		
NBA	06.01.2026	Los Angeles Clippers			Golden State Warriors		
NBA	06.01.2026	Portland Trail Blazers			Utah Jazz		
NBA	07.01.2026	Indiana Pacers			Cleveland Cavaliers		
NBA	07.01.2026	Washington Wizards			Orlando Magic		
NBA	07.01.2026	Memphis Grizzlies			San Antonio Spurs		
NBA	07.01.2026	Minnesota Timberwolves			Miami Heat		
NBA	07.01.2026	New Orleans Pelicans			Los Angeles Lakers		
NBA	07.01.2026	Sacramento Kings			Dallas Mavericks		
NBA	08.01.2026	Charlotte Hornets			Toronto Raptors		
NBA	08.01.2026	Detroit Pistons			Chicago Bulls		
NBA	08.01.2026	Philadelphia 76ers			Washington Wizards		
NBA	08.01.2026	Atlanta Hawks			New Orleans Pelicans		
NBA	08.01.2026	Boston Celtics			Denver Nuggets		
NBA	08.01.2026	Brooklyn Nets			Orlando Magic		
NBA	08.01.2026	New York Knicks			Los Angeles Clippers		
NBA	08.01.2026	San Antonio Spurs			Los Angeles Lakers		
NBA	08.01.2026	Memphis Grizzlies			Phoenix Suns		
NBA	08.01.2026	Oklahoma City Thunder			Utah Jazz		
NBA	08.01.2026	Golden State Warriors			Milwaukee Bucks		
NBA	08.01.2026	Portland Trail Blazers			Houston Rockets		
NBA	09.01.2026	Charlotte Hornets			Indiana Pacers		
NBA	09.01.2026	Chicago Bulls			Miami Heat		
NBA	09.01.2026	Minnesota Timberwolves			Cleveland Cavaliers		
NBA	09.01.2026	Utah Jazz			Dallas Mavericks		
NBA	10.01.2026	Boston Celtics			Toronto Raptors		
NBA	10.01.2026	Orlando Magic			Philadelphia 76ers		
NBA	10.01.2026	Washington Wizards			New Orleans Pelicans		
NBA	10.01.2026	Brooklyn Nets			Los Angeles Clippers		
NBA	10.01.2026	Memphis Grizzlies			Oklahoma City Thunder		
NBA	10.01.2026	Denver Nuggets			Atlanta Hawks		
NBA	10.01.2026	Phoenix Suns			New York Knicks		
NBA	10.01.2026	Golden State Warriors			Sacramento Kings		
NBA	10.01.2026	Portland Trail Blazers			Houston Rockets		
NBA	10.01.2026	Los Angeles Lakers			Milwaukee Bucks		
NBA	10.01.2026	Cleveland Cavaliers			Minnesota Timberwolves		
NBA	11.01.2026	Indiana Pacers			Miami Heat		
NBA	11.01.2026	Detroit Pistons			Los Angeles Clippers		
NBA	11.01.2026	Boston Celtics			San Antonio Spurs		
NBA	11.01.2026	Chicago Bulls			Dallas Mavericks		
NBA	11.01.2026	Utah Jazz			Charlotte Hornets		
NBA	11.01.2026	Orlando Magic			New Orleans Pelicans		
NBA	11.01.2026	Memphis Grizzlies			Brooklyn Nets		
NBA	12.01.2026	Portland Trail Blazers			New York Knicks		
NBA	12.01.2026	Toronto Raptors			Philadelphia 76ers		
NBA	12.01.2026	Minnesota Timberwolves			San Antonio Spurs		
NBA	12.01.2026	Oklahoma City Thunder			Miami Heat		
NBA	12.01.2026	Denver Nuggets			Milwaukee Bucks		
NBA	12.01.2026	Phoenix Suns			Washington Wizards		
NBA	12.01.2026	Golden State Warriors			Atlanta Hawks		
NBA	12.01.2026	Sacramento Kings			Houston Rockets		
NBA	13.01.2026	Cleveland Cavaliers			Utah Jazz		
NBA	13.01.2026	Indiana Pacers			Boston Celtics		
NBA	13.01.2026	Toronto Raptors			Philadelphia 76ers		
NBA	13.01.2026	Dallas Mavericks			Brooklyn Nets		
NBA	13.01.2026	Sacramento Kings			Los Angeles Lakers		
NBA	13.01.2026	Los Angeles Clippers			Charlotte Hornets		
NBA	14.01.2026	Miami Heat			Phoenix Suns		
NBA	14.01.2026	Houston Rockets			Chicago Bulls		
NBA	14.01.2026	Milwaukee Bucks			Minnesota Timberwolves		
NBA	14.01.2026	New Orleans Pelicans			Denver Nuggets		
NBA	14.01.2026	Oklahoma City Thunder			San Antonio Spurs		
NBA	14.01.2026	Los Angeles Lakers			Atlanta Hawks		
NBA	14.01.2026	Golden State Warriors			Portland Trail Blazers		
NBA	15.01.2026	Indiana Pacers			Toronto Raptors		
NBA	15.01.2026	Philadelphia 76ers			Cleveland Cavaliers		
NBA	15.01.2026	Chicago Bulls			Utah Jazz		
NBA	15.01.2026	New Orleans Pelicans			Brooklyn Nets		
NBA	15.01.2026	Dallas Mavericks			Denver Nuggets		
NBA	15.01.2026	Sacramento Kings			New York Knicks		
NBA	15.01.2026	Los Angeles Clippers			Washington Wizards		
NBA	15.01.2026	Orlando Magic			Memphis Grizzlies		
NBA	16.01.2026	Detroit Pistons			Phoenix Suns		
NBA	16.01.2026	Houston Rockets			Oklahoma City Thunder		
NBA	16.01.2026	Miami Heat			Boston Celtics		
NBA	16.01.2026	San Antonio Spurs			Milwaukee Bucks		
NBA	16.01.2026	Dallas Mavericks			Utah Jazz		
NBA	16.01.2026	Golden State Warriors			New York Knicks		
NBA	16.01.2026	Phoenix Suns			Atlanta Hawks		
NBA	16.01.2026	Los Angeles Lakers			Charlotte Hornets		
NBA	17.01.2026	Brooklyn Nets			Chicago Bulls		
NBA	17.01.2026	Indiana Pacers			New Orleans Pelicans		
NBA	17.01.2026	Philadelphia 76ers			Cleveland Cavaliers		
NBA	17.01.2026	Toronto Raptors			Los Angeles Clippers		
NBA	17.01.2026	Houston Rockets			Minnesota Timberwolves		
NBA	17.01.2026	Sacramento Kings			Washington Wizards		
NBA	18.01.2026	Dallas Mavericks			Utah Jazz		
NBA	18.01.2026	Atlanta Hawks			Boston Celtics		
NBA	18.01.2026	Detroit Pistons			Indiana Pacers		
NBA	18.01.2026	New York Knicks			Phoenix Suns		
NBA	18.01.2026	Miami Heat			Oklahoma City Thunder		
NBA	18.01.2026	San Antonio Spurs			Minnesota Timberwolves		
NBA	18.01.2026	Golden State Warriors			Charlotte Hornets		
NBA	18.01.2026	Denver Nuggets			Washington Wizards		
NBA	18.01.2026	Portland Trail Blazers			Los Angeles Lakers		
NBA	18.01.2026	Memphis Grizzlies			Orlando Magic		
NBA	19.01.2026	Chicago Bulls			Brooklyn Nets		
NBA	19.01.2026	Houston Rockets			New Orleans Pelicans		
NBA	19.01.2026	Denver Nuggets			Charlotte Hornets		
NBA	19.01.2026	Sacramento Kings			Portland Trail Blazers		
NBA	19.01.2026	Los Angeles Lakers			Toronto Raptors		
NBA	19.01.2026	Atlanta Hawks			Milwaukee Bucks		
NBA	19.01.2026	Cleveland Cavaliers			Oklahoma City Thunder		
NBA	19.01.2026	Washington Wizards			Los Angeles Clippers		
NBA	20.01.2026	New York Knicks			Dallas Mavericks		
NBA	20.01.2026	Philadelphia 76ers			Indiana Pacers		
NBA	20.01.2026	Brooklyn Nets			Phoenix Suns		
NBA	20.01.2026	Detroit Pistons			Boston Celtics		
NBA	20.01.2026	San Antonio Spurs			Utah Jazz		
NBA	20.01.2026	Golden State Warriors			Miami Heat		
NBA	21.01.2026	Philadelphia 76ers			Phoenix Suns		
NBA	21.01.2026	Chicago Bulls			Los Angeles Clippers		
NBA	21.01.2026	Houston Rockets			San Antonio Spurs		
NBA	21.01.2026	Utah Jazz			Minnesota Timberwolves		
NBA	21.01.2026	Denver Nuggets			Los Angeles Lakers		
NBA	21.01.2026	Golden State Warriors			Toronto Raptors		
NBA	21.01.2026	Sacramento Kings			Miami Heat		
NBA	22.01.2026	Charlotte Hornets			Cleveland Cavaliers		
NBA	22.01.2026	Boston Celtics			Indiana Pacers		
NBA	22.01.2026	New York Knicks			Brooklyn Nets		
NBA	22.01.2026	Memphis Grizzlies			Atlanta Hawks		
NBA	22.01.2026	New Orleans Pelicans			Detroit Pistons		
NBA	22.01.2026	Milwaukee Bucks			Oklahoma City Thunder		
NBA	22.01.2026	Sacramento Kings			Toronto Raptors		
NBA	23.01.2026	Orlando Magic			Charlotte Hornets		
NBA	23.01.2026	Philadelphia 76ers			Houston Rockets		
NBA	23.01.2026	Washington Wizards			Denver Nuggets		
NBA	23.01.2026	Dallas Mavericks			Golden State Warriors		
NBA	23.01.2026	Minnesota Timberwolves			Chicago Bulls		
NBA	23.01.2026	Utah Jazz			San Antonio Spurs		
NBA	23.01.2026	Los Angeles Clippers			Los Angeles Lakers		
NBA	23.01.2026	Portland Trail Blazers			Miami Heat		
NBA	24.01.2026	Detroit Pistons			Houston Rockets		
NBA	24.01.2026	Atlanta Hawks			Phoenix Suns		
NBA	24.01.2026	Brooklyn Nets			Boston Celtics		
NBA	24.01.2026	Cleveland Cavaliers			Sacramento Kings		
NBA	24.01.2026	Memphis Grizzlies			New Orleans Pelicans		
NBA	24.01.2026	Milwaukee Bucks			Denver Nuggets		
NBA	24.01.2026	Oklahoma City Thunder			Indiana Pacers		
NBA	24.01.2026	Portland Trail Blazers			Toronto Raptors		
NBA	24.01.2026	Philadelphia 76ers			New York Knicks		
NBA	25.01.2026	Minnesota Timberwolves			Golden State Warriors		
NBA	25.01.2026	Charlotte Hornets			Washington Wizards		
NBA	25.01.2026	Orlando Magic			Cleveland Cavaliers		
NBA	25.01.2026	Chicago Bulls			Boston Celtics		
NBA	25.01.2026	Dallas Mavericks			Los Angeles Lakers		
NBA	25.01.2026	Utah Jazz			Miami Heat		
NBA	25.01.2026	Detroit Pistons			Sacramento Kings		
NBA	25.01.2026	Memphis Grizzlies			Denver Nuggets		
NBA	26.01.2026	Milwaukee Bucks			Dallas Mavericks		
NBA	26.01.2026	Oklahoma City Thunder			Toronto Raptors		
NBA	26.01.2026	San Antonio Spurs			New Orleans Pelicans		
NBA	26.01.2026	Phoenix Suns			Miami Heat		
NBA	26.01.2026	Los Angeles Clippers			Brooklyn Nets		
NBA	27.01.2026	Charlotte Hornets			Philadelphia 76ers		
NBA	27.01.2026	Cleveland Cavaliers			Orlando Magic		
NBA	27.01.2026	Atlanta Hawks			Indiana Pacers		
NBA	27.01.2026	Boston Celtics			Portland Trail Blazers		
NBA	27.01.2026	Chicago Bulls			Los Angeles Lakers		
NBA	27.01.2026	Houston Rockets			Memphis Grizzlies		
NBA	27.01.2026	Minnesota Timberwolves			Golden State Warriors		
NBA	28.01.2026	Washington Wizards			Portland Trail Blazers		
NBA	28.01.2026	New York Knicks			Sacramento Kings		
NBA	28.01.2026	Oklahoma City Thunder			New Orleans Pelicans		
NBA	28.01.2026	Philadelphia 76ers			Milwaukee Bucks		
NBA	28.01.2026	Denver Nuggets			Detroit Pistons		
NBA	28.01.2026	Phoenix Suns			Brooklyn Nets		
NBA	28.01.2026	Utah Jazz			Los Angeles Clippers		
NBA	29.01.2026	Cleveland Cavaliers			Los Angeles Lakers		
NBA	29.01.2026	Indiana Pacers			Chicago Bulls		
NBA	29.01.2026	Boston Celtics			Atlanta Hawks		
NBA	29.01.2026	Miami Heat			Orlando Magic		
NBA	29.01.2026	Toronto Raptors			New York Knicks		
NBA	29.01.2026	Memphis Grizzlies			Charlotte Hornets		
NBA	29.01.2026	Dallas Mavericks			Minnesota Timberwolves		
NBA	29.01.2026	Utah Jazz			Golden State Warriors		
NBA	29.01.2026	Houston Rockets			San Antonio Spurs		
NBA	30.01.2026	Philadelphia 76ers			Sacramento Kings		
NBA	30.01.2026	Washington Wizards			Milwaukee Bucks		
NBA	30.01.2026	Atlanta Hawks			Houston Rockets		
NBA	30.01.2026	Dallas Mavericks			Charlotte Hornets		
NBA	30.01.2026	Denver Nuggets			Brooklyn Nets		
NBA	30.01.2026	Phoenix Suns			Detroit Pistons		
NBA	30.01.2026	Minnesota Timberwolves			Oklahoma City Thunder		
NBA	31.01.2026	Orlando Magic			Toronto Raptors		
NBA	31.01.2026	Washington Wizards			Los Angeles Lakers		
NBA	31.01.2026	Boston Celtics			Sacramento Kings		
NBA	31.01.2026	New Orleans Pelicans			Memphis Grizzlies		
NBA	31.01.2026	New York Knicks			Portland Trail Blazers		
NBA	31.01.2026	Miami Heat			Chicago Bulls		
NBA	31.01.2026	Phoenix Suns			Cleveland Cavaliers		
NBA	31.01.2026	Utah Jazz			Brooklyn Nets		
NBA	31.01.2026	Denver Nuggets			Los Angeles Clippers		
NBA	31.01.2026	Golden State Warriors			Detroit Pistons		
NBA	31.01.2026	Charlotte Hornets			San Antonio Spurs		
NBA	01.02.2026	Indiana Pacers			Atlanta Hawks		
NBA	01.02.2026	Philadelphia 76ers			New Orleans Pelicans		
NBA	01.02.2026	Memphis Grizzlies			Minnesota Timberwolves		
NBA	01.02.2026	Houston Rockets			Dallas Mavericks		
NBA	01.02.2026	Boston Celtics			Milwaukee Bucks		
NBA	02.02.2026	San Antonio Spurs			Orlando Magic		
NBA	02.02.2026	Detroit Pistons			Brooklyn Nets		
NBA	02.02.2026	Miami Heat			Chicago Bulls		
NBA	02.02.2026	Toronto Raptors			Utah Jazz		
NBA	02.02.2026	Washington Wizards			Sacramento Kings		
NBA	02.02.2026	New York Knicks			Los Angeles Lakers		
NBA	02.02.2026	Phoenix Suns			Los Angeles Clippers		
NBA	02.02.2026	Portland Trail Blazers			Cleveland Cavaliers		
NBA	02.02.2026	Denver Nuggets			Oklahoma City Thunder		
NBA	03.02.2026	Charlotte Hornets			New Orleans Pelicans		
NBA	03.02.2026	Indiana Pacers			Houston Rockets		
NBA	03.02.2026	Memphis Grizzlies			Minnesota Timberwolves		
NBA	03.02.2026	Los Angeles Clippers			Philadelphia 76ers		
NBA	04.02.2026	Detroit Pistons			Denver Nuggets		
NBA	04.02.2026	Indiana Pacers			Utah Jazz		
NBA	04.02.2026	Washington Wizards			New York Knicks		
NBA	04.02.2026	Brooklyn Nets			Los Angeles Lakers		
NBA	04.02.2026	Miami Heat			Atlanta Hawks		
NBA	04.02.2026	Dallas Mavericks			Boston Celtics		
NBA	04.02.2026	Milwaukee Bucks			Chicago Bulls		
NBA	04.02.2026	Oklahoma City Thunder			Orlando Magic		
NBA	04.02.2026	Golden State Warriors			Philadelphia 76ers		
NBA	04.02.2026	Portland Trail Blazers			Phoenix Suns		
NBA	05.02.2026	New York Knicks			Denver Nuggets		
NBA	05.02.2026	Toronto Raptors			Minnesota Timberwolves		
NBA	05.02.2026	Houston Rockets			Boston Celtics		
NBA	05.02.2026	Milwaukee Bucks			New Orleans Pelicans		
NBA	05.02.2026	San Antonio Spurs			Oklahoma City Thunder		
NBA	05.02.2026	Sacramento Kings			Memphis Grizzlies		
NBA	05.02.2026	Los Angeles Clippers			Cleveland Cavaliers		
NBA	06.02.2026	Detroit Pistons			Washington Wizards		
NBA	06.02.2026	Orlando Magic			Brooklyn Nets		
NBA	06.02.2026	Atlanta Hawks			Utah Jazz		
NBA	06.02.2026	Toronto Raptors			Chicago Bulls		
NBA	06.02.2026	Houston Rockets			Charlotte Hornets		
NBA	06.02.2026	Dallas Mavericks			San Antonio Spurs		
NBA	06.02.2026	Phoenix Suns			Golden State Warriors		
NBA	06.02.2026	Los Angeles Lakers			Philadelphia 76ers		
NBA	07.02.2026	Boston Celtics			Miami Heat		
NBA	07.02.2026	Detroit Pistons			New York Knicks		
NBA	07.02.2026	Milwaukee Bucks			Indiana Pacers		
NBA	07.02.2026	Minnesota Timberwolves			New Orleans Pelicans		
NBA	07.02.2026	Portland Trail Blazers			Memphis Grizzlies		
NBA	07.02.2026	Sacramento Kings			Los Angeles Clippers		
NBA	07.02.2026	Brooklyn Nets			Washington Wizards		
NBA	07.02.2026	Oklahoma City Thunder			Houston Rockets		
NBA	07.02.2026	Sacramento Kings			116-111	EV HAFİF ÜSTÜN	0,7
NBA	07.02.2026	Brooklyn Nets			119-107	EV GÜÇLÜ ÜSTÜN	0,94
NBA	07.02.2026	Oklahoma City Thunder			119-105	EV GÜÇLÜ ÜSTÜN	0,95
